# Utah Teapot Model
# Version: 1975 - Martin Newell
# Triangle Mesh Resolution: 5 (1380 faces)
o Utah Teapot

v -1.5 2.8 0
v -1.5104 2.7688 -0.144
v -1.5352 2.6944 -0.216
v -1.5648 2.6056 -0.216
v -1.5896 2.5312 -0.144
v -1.6 2.5 0
v -2.04 2.7952 0
v -2.034093 2.76425 -0.144
v -2.020007 2.690445 -0.2160001
v -2.003194 2.602355 -0.2160001
v -1.989107 2.52855 -0.144
v -1.9832 2.4976 0
v -2.46 2.7616 0
v -2.442279 2.732398 -0.144
v -2.40002 2.662759 -0.216
v -2.349581 2.579642 -0.216
v -2.307322 2.510003 -0.144
v -2.2896 2.4808 0
v -2.76 2.6704 0
v -2.734458 2.64594 -0.144
v -2.673549 2.58761 -0.216
v -2.600851 2.51799 -0.216
v -2.539942 2.45966 -0.144
v -2.5144 2.4352 0
v -2.94 2.4928 0
v -2.910131 2.477575 -0.144
v -2.838906 2.441267 -0.216
v -2.753894 2.397933 -0.216
v -2.682669 2.361625 -0.144
v -2.6528 2.3464 0
v -3 2.2 0
v -2.9688 2.2 -0.144
v -2.8944 2.2 -0.216
v -2.8056 2.2 -0.216
v -2.7312 2.2 -0.144
v -2.7 2.2 0
v -1.5 2.8 0
v -1.5104 2.7688 0.144
v -1.5352 2.6944 0.216
v -1.5648 2.6056 0.216
v -1.5896 2.5312 0.144
v -1.6 2.5 0
v -2.04 2.7952 0
v -2.034093 2.76425 0.144
v -2.020007 2.690445 0.2160001
v -2.003194 2.602355 0.2160001
v -1.989107 2.52855 0.144
v -1.9832 2.4976 0
v -2.46 2.7616 0
v -2.442279 2.732398 0.144
v -2.40002 2.662759 0.216
v -2.349581 2.579642 0.216
v -2.307322 2.510003 0.144
v -2.2896 2.4808 0
v -2.76 2.6704 0
v -2.734458 2.64594 0.144
v -2.673549 2.58761 0.216
v -2.600851 2.51799 0.216
v -2.539942 2.45966 0.144
v -2.5144 2.4352 0
v -2.94 2.4928 0
v -2.910131 2.477575 0.144
v -2.838906 2.441267 0.216
v -2.753894 2.397933 0.216
v -2.682669 2.361625 0.144
v -2.6528 2.3464 0
v -3 2.2 0
v -2.9688 2.2 0.144
v -2.8944 2.2 0.216
v -2.8056 2.2 0.216
v -2.7312 2.2 0.144
v -2.7 2.2 0
v -3 2.2 0
v -2.9688 2.2 -0.144
v -2.8944 2.2 -0.216
v -2.8056 2.2 -0.216
v -2.7312 2.2 -0.144
v -2.7 2.2 0
v -2.9576 1.8464 0
v -2.928231 1.86121 -0.144
v -2.858196 1.896525 -0.2160001
v -2.774605 1.938675 -0.2160001
v -2.70457 1.973991 -0.144
v -2.6752 1.9888 0
v -2.8288 1.5072 0
v -2.804756 1.530829 -0.144
v -2.747418 1.587175 -0.216
v -2.678982 1.654426 -0.216
v -2.621645 1.710771 -0.144
v -2.5976 1.7344 0
v -2.6112 1.1848 0
v -2.595725 1.214003 -0.144
v -2.558823 1.283642 -0.216
v -2.514777 1.366758 -0.216
v -2.477875 1.436397 -0.144
v -2.4624 1.4656 0
v -2.3024 0.8816 0
v -2.29849 0.9158784 -0.144
v -2.289165 0.9976192 -0.216
v -2.278035 1.095181 -0.216
v -2.26871 1.176922 -0.144
v -2.2648 1.2112 0
v -1.9 0.6 0
v -1.9104 0.6416 -0.144
v -1.9352 0.7408 -0.216
v -1.9648 0.8592001 -0.216
v -1.9896 0.9584001 -0.144
v -2 1 0
v -3 2.2 0
v -2.9688 2.2 0.144
v -2.8944 2.2 0.216
v -2.8056 2.2 0.216
v -2.7312 2.2 0.144
v -2.7 2.2 0
v -2.9576 1.8464 0
v -2.928231 1.86121 0.144
v -2.858196 1.896525 0.2160001
v -2.774605 1.938675 0.2160001
v -2.70457 1.973991 0.144
v -2.6752 1.9888 0
v -2.8288 1.5072 0
v -2.804756 1.530829 0.144
v -2.747418 1.587175 0.216
v -2.678982 1.654426 0.216
v -2.621645 1.710771 0.144
v -2.5976 1.7344 0
v -2.6112 1.1848 0
v -2.595725 1.214003 0.144
v -2.558823 1.283642 0.216
v -2.514777 1.366758 0.216
v -2.477875 1.436397 0.144
v -2.4624 1.4656 0
v -2.3024 0.8816 0
v -2.29849 0.9158784 0.144
v -2.289165 0.9976192 0.216
v -2.278035 1.095181 0.216
v -2.26871 1.176922 0.144
v -2.2648 1.2112 0
v -1.9 0.6 0
v -1.9104 0.6416 0.144
v -1.9352 0.7408 0.216
v -1.9648 0.8592001 0.216
v -1.9896 0.9584001 0.144
v -2 1 0
v 2.8 3 0
v 2.8416 3 -0.07200001
v 2.940801 3 -0.108
v 3.0592 3 -0.108
v 3.1584 3 -0.072
v 3.2 3 0
v 2.8376 3.048 0
v 2.888602 3.050247 -0.07699201
v 3.010221 3.055603 -0.115488
v 3.15538 3.061997 -0.115488
v 3.276999 3.067354 -0.07699201
v 3.328 3.0696 0
v 2.836801 3.072 0
v 2.896205 3.074996 -0.08889601
v 3.037863 3.082138 -0.133344
v 3.206938 3.090663 -0.133344
v 3.348596 3.097805 -0.08889601
v 3.408 3.1008 0
v 2.8072 3.072 0
v 2.872387 3.074621 -0.103104
v 3.027834 3.080871 -0.154656
v 3.213366 3.088329 -0.154656
v 3.368813 3.094579 -0.103104
v 3.434 3.0972 0
v 2.7584 3.048 0
v 2.825127 3.049498 -0.115008
v 2.984243 3.053069 -0.172512
v 3.174157 3.057331 -0.172512
v 3.333274 3.060902 -0.115008
v 3.4 3.0624 0
v 2.7 3 0
v 2.7624 3 -0.12
v 2.9112 3 -0.18
v 3.0888 3 -0.18
v 3.2376 3 -0.12
v 3.3 3 0
v 2.8 3 0
v 2.8416 3 0.07200001
v 2.940801 3 0.108
v 3.0592 3 0.108
v 3.1584 3 0.072
v 3.2 3 0
v 2.8376 3.048 0
v 2.888602 3.050247 0.07699201
v 3.010221 3.055603 0.115488
v 3.15538 3.061997 0.115488
v 3.276999 3.067354 0.07699201
v 3.328 3.0696 0
v 2.836801 3.072 0
v 2.896205 3.074996 0.08889601
v 3.037863 3.082138 0.133344
v 3.206938 3.090663 0.133344
v 3.348596 3.097805 0.08889601
v 3.408 3.1008 0
v 2.8072 3.072 0
v 2.872387 3.074621 0.103104
v 3.027834 3.080871 0.154656
v 3.213366 3.088329 0.154656
v 3.368813 3.094579 0.103104
v 3.434 3.0972 0
v 2.7584 3.048 0
v 2.825127 3.049498 0.115008
v 2.984243 3.053069 0.172512
v 3.174157 3.057331 0.172512
v 3.333274 3.060902 0.115008
v 3.4 3.0624 0
v 2.7 3 0
v 2.7624 3 0.12
v 2.9112 3 0.18
v 3.0888 3 0.18
v 3.2376 3 0.12
v 3.3 3 0
v 2.7 3 0
v 2.7624 3 -0.12
v 2.9112 3 -0.18
v 3.0888 3 -0.18
v 3.2376 3 -0.12
v 3.3 3 0
v 2.5288 2.7112 0
v 2.569735 2.698304 -0.1404672
v 2.667347 2.667552 -0.2107008
v 2.783853 2.630848 -0.2107008
v 2.881466 2.600096 -0.1404672
v 2.9224 2.5872 0
v 2.4344 2.3696 0
v 2.467348 2.333824 -0.1892736
v 2.545914 2.248512 -0.2839105
v 2.639686 2.146688 -0.2839104
v 2.718253 2.061376 -0.1892736
v 2.7512 2.0256 0
v 2.3256 2.0424 0
v 2.355053 1.978752 -0.2475264
v 2.425287 1.826976 -0.3712896
v 2.509114 1.645824 -0.3712896
v 2.579347 1.494048 -0.2475264
v 2.6088 1.4304 0
v 2.1112 1.7968 0
v 2.132666 1.70528 -0.2963328
v 2.183853 1.48704 -0.4444993
v 2.244947 1.22656 -0.4444992
v 2.296134 1.00832 -0.2963328
v 2.3176 0.9168 0
v 1.7 1.7 0
v 1.7 1.5856 -0.3168
v 1.7 1.3128 -0.4752001
v 1.7 0.9872001 -0.4752
v 1.7 0.7144001 -0.3168
v 1.7 0.6 0
v 2.7 3 0
v 2.7624 3 0.12
v 2.9112 3 0.18
v 3.0888 3 0.18
v 3.2376 3 0.12
v 3.3 3 0
v 2.5288 2.7112 0
v 2.569735 2.698304 0.1404672
v 2.667347 2.667552 0.2107008
v 2.783853 2.630848 0.2107008
v 2.881466 2.600096 0.1404672
v 2.9224 2.5872 0
v 2.4344 2.3696 0
v 2.467348 2.333824 0.1892736
v 2.545914 2.248512 0.2839105
v 2.639686 2.146688 0.2839104
v 2.718253 2.061376 0.1892736
v 2.7512 2.0256 0
v 2.3256 2.0424 0
v 2.355053 1.978752 0.2475264
v 2.425287 1.826976 0.3712896
v 2.509114 1.645824 0.3712896
v 2.579347 1.494048 0.2475264
v 2.6088 1.4304 0
v 2.1112 1.7968 0
v 2.132666 1.70528 0.2963328
v 2.183853 1.48704 0.4444993
v 2.244947 1.22656 0.4444992
v 2.296134 1.00832 0.2963328
v 2.3176 0.9168 0
v 1.7 1.7 0
v 1.7 1.5856 0.3168
v 1.7 1.3128 0.4752001
v 1.7 0.9872001 0.4752
v 1.7 0.7144001 0.3168
v 1.7 0.6 0
v 0 4 0
v 0 4 0
v 0 4 0
v 0 4 0
v 0 4 0
v -0.3088 3.9568 0
v -0.2933596 3.9568 -0.09881447
v -0.2501269 3.956801 -0.1837343
v -0.1837343 3.9568 -0.2501269
v -0.09881447 3.9568 -0.2933596
v 0 3.9568 -0.3088
v -0.3584 3.8464 0
v -0.340477 3.8464 -0.1146757
v -0.2902948 3.8464 -0.2132342
v -0.2132342 3.8464 -0.2902948
v -0.1146757 3.8464 -0.340477
v 0 3.8464 -0.3584
v -0.2736 3.6976 0
v -0.2599096 3.6976 -0.08751053
v -0.2215849 3.697601 -0.1627454
v -0.1627453 3.6976 -0.2215849
v -0.08751053 3.6976 -0.2599096
v 0 3.6976 -0.2736
v -0.1792 3.5392 0
v -0.1702154 3.5392 -0.05724569
v -0.1450783 3.539201 -0.1065134
v -0.1065134 3.5392 -0.1450783
v -0.05724569 3.5392 -0.1702154
v 0 3.5392 -0.1792
v -0.2 3.4 0
v -0.189952 3.4 -0.063808
v -0.161856 3.4 -0.118784
v -0.118784 3.4 -0.161856
v -0.06380799 3.4 -0.189952
v 0 3.4 -0.2
v 0 4 0
v 0 4 0
v 0 4 0
v 0 4 0
v 0 4 0
v 0 3.9568 -0.3088
v 0.09881447 3.9568 -0.2933596
v 0.1837343 3.956801 -0.2501269
v 0.2501269 3.9568 -0.1837343
v 0.2933596 3.9568 -0.09881447
v 0.3088 3.9568 0
v 0 3.8464 -0.3584
v 0.1146757 3.8464 -0.340477
v 0.2132342 3.8464 -0.2902948
v 0.2902948 3.8464 -0.2132342
v 0.340477 3.8464 -0.1146757
v 0.3584 3.8464 0
v 0 3.6976 -0.2736
v 0.08751053 3.6976 -0.2599096
v 0.1627454 3.697601 -0.2215849
v 0.2215849 3.6976 -0.1627453
v 0.2599096 3.6976 -0.08751053
v 0.2736 3.6976 0
v 0 3.5392 -0.1792
v 0.05724569 3.5392 -0.1702154
v 0.1065134 3.539201 -0.1450783
v 0.1450783 3.5392 -0.1065134
v 0.1702154 3.5392 -0.05724569
v 0.1792 3.5392 0
v 0 3.4 -0.2
v 0.063808 3.4 -0.189952
v 0.118784 3.4 -0.161856
v 0.161856 3.4 -0.118784
v 0.189952 3.4 -0.06380799
v 0.2 3.4 0
v 0 4 0
v 0 4 0
v 0 4 0
v 0 4 0
v 0 4 0
v 0 3.9568 0.3088
v 0.09881447 3.9568 0.2933596
v 0.1837343 3.956801 0.2501269
v 0.2501269 3.9568 0.1837343
v 0.2933596 3.9568 0.09881447
v 0.3088 3.9568 0
v 0 3.8464 0.3584
v 0.1146757 3.8464 0.340477
v 0.2132342 3.8464 0.2902948
v 0.2902948 3.8464 0.2132342
v 0.340477 3.8464 0.1146757
v 0.3584 3.8464 0
v 0 3.6976 0.2736
v 0.08751053 3.6976 0.2599096
v 0.1627454 3.697601 0.2215849
v 0.2215849 3.6976 0.1627453
v 0.2599096 3.6976 0.08751053
v 0.2736 3.6976 0
v 0 3.5392 0.1792
v 0.05724569 3.5392 0.1702154
v 0.1065134 3.539201 0.1450783
v 0.1450783 3.5392 0.1065134
v 0.1702154 3.5392 0.05724569
v 0.1792 3.5392 0
v 0 3.4 0.2
v 0.063808 3.4 0.189952
v 0.118784 3.4 0.161856
v 0.161856 3.4 0.118784
v 0.189952 3.4 0.06380799
v 0.2 3.4 0
v 0 4 0
v 0 4 0
v 0 4 0
v 0 4 0
v 0 4 0
v -0.3088 3.9568 0
v -0.2933596 3.9568 0.09881447
v -0.2501269 3.956801 0.1837343
v -0.1837343 3.9568 0.2501269
v -0.09881447 3.9568 0.2933596
v 0 3.9568 0.3088
v -0.3584 3.8464 0
v -0.340477 3.8464 0.1146757
v -0.2902948 3.8464 0.2132342
v -0.2132342 3.8464 0.2902948
v -0.1146757 3.8464 0.340477
v 0 3.8464 0.3584
v -0.2736 3.6976 0
v -0.2599096 3.6976 0.08751053
v -0.2215849 3.697601 0.1627454
v -0.1627453 3.6976 0.2215849
v -0.08751053 3.6976 0.2599096
v 0 3.6976 0.2736
v -0.1792 3.5392 0
v -0.1702154 3.5392 0.05724569
v -0.1450783 3.539201 0.1065134
v -0.1065134 3.5392 0.1450783
v -0.05724569 3.5392 0.1702154
v 0 3.5392 0.1792
v -0.2 3.4 0
v -0.189952 3.4 0.063808
v -0.161856 3.4 0.118784
v -0.118784 3.4 0.161856
v -0.06380799 3.4 0.189952
v 0 3.4 0.2
v -0.2 3.4 0
v -0.189952 3.4 -0.063808
v -0.161856 3.4 -0.118784
v -0.118784 3.4 -0.161856
v -0.06380799 3.4 -0.189952
v 0 3.4 -0.2
v -0.3912 3.3008 0
v -0.3715461 3.3008 -0.1248085
v -0.3165904 3.3008 -0.2323415
v -0.2323415 3.3008 -0.3165904
v -0.1248085 3.3008 -0.3715461
v 0 3.3008 -0.3912
v -0.6736 3.2304 0
v -0.6397583 3.2304 -0.2149054
v -0.5451311 3.230401 -0.4000646
v -0.4000645 3.2304 -0.5451311
v -0.2149053 3.2304 -0.6397583
v 0 3.2304 -0.6736
v -0.9704 3.1696 0
v -0.9216471 3.1696 -0.3095964
v -0.7853253 3.169601 -0.57634
v -0.5763399 3.1696 -0.7853253
v -0.3095964 3.1696 -0.9216471
v 0 3.1696 -0.9704
v -1.2048 3.0992 0
v -1.144271 3.0992 -0.3843794
v -0.9750206 3.0992 -0.7155548
v -0.7155547 3.0992 -0.9750205
v -0.3843794 3.0992 -1.144271
v 0 3.0992 -1.2048
v -1.3 3 0
v -1.234688 3 -0.414752
v -1.052064 3 -0.772096
v -0.7720959 3 -1.052064
v -0.4147519 3 -1.234688
v 0 3 -1.3
v 0 3.4 -0.2
v 0.063808 3.4 -0.189952
v 0.118784 3.4 -0.161856
v 0.161856 3.4 -0.118784
v 0.189952 3.4 -0.06380799
v 0.2 3.4 0
v 0 3.3008 -0.3912
v 0.1248085 3.3008 -0.3715461
v 0.2323415 3.3008 -0.3165904
v 0.3165904 3.3008 -0.2323415
v 0.3715461 3.3008 -0.1248085
v 0.3912 3.3008 0
v 0 3.2304 -0.6736
v 0.2149054 3.2304 -0.6397583
v 0.4000646 3.230401 -0.5451311
v 0.5451311 3.2304 -0.4000645
v 0.6397583 3.2304 -0.2149053
v 0.6736 3.2304 0
v 0 3.1696 -0.9704
v 0.3095964 3.1696 -0.9216471
v 0.57634 3.169601 -0.7853253
v 0.7853253 3.1696 -0.5763399
v 0.9216471 3.1696 -0.3095964
v 0.9704 3.1696 0
v 0 3.0992 -1.2048
v 0.3843794 3.0992 -1.144271
v 0.7155548 3.0992 -0.9750206
v 0.9750205 3.0992 -0.7155547
v 1.144271 3.0992 -0.3843794
v 1.2048 3.0992 0
v 0 3 -1.3
v 0.414752 3 -1.234688
v 0.772096 3 -1.052064
v 1.052064 3 -0.7720959
v 1.234688 3 -0.4147519
v 1.3 3 0
v 0 3.4 0.2
v 0.063808 3.4 0.189952
v 0.118784 3.4 0.161856
v 0.161856 3.4 0.118784
v 0.189952 3.4 0.06380799
v 0.2 3.4 0
v 0 3.3008 0.3912
v 0.1248085 3.3008 0.3715461
v 0.2323415 3.3008 0.3165904
v 0.3165904 3.3008 0.2323415
v 0.3715461 3.3008 0.1248085
v 0.3912 3.3008 0
v 0 3.2304 0.6736
v 0.2149054 3.2304 0.6397583
v 0.4000646 3.230401 0.5451311
v 0.5451311 3.2304 0.4000645
v 0.6397583 3.2304 0.2149053
v 0.6736 3.2304 0
v 0 3.1696 0.9704
v 0.3095964 3.1696 0.9216471
v 0.57634 3.169601 0.7853253
v 0.7853253 3.1696 0.5763399
v 0.9216471 3.1696 0.3095964
v 0.9704 3.1696 0
v 0 3.0992 1.2048
v 0.3843794 3.0992 1.144271
v 0.7155548 3.0992 0.9750206
v 0.9750205 3.0992 0.7155547
v 1.144271 3.0992 0.3843794
v 1.2048 3.0992 0
v 0 3 1.3
v 0.414752 3 1.234688
v 0.772096 3 1.052064
v 1.052064 3 0.7720959
v 1.234688 3 0.4147519
v 1.3 3 0
v -0.2 3.4 0
v -0.189952 3.4 0.063808
v -0.161856 3.4 0.118784
v -0.118784 3.4 0.161856
v -0.06380799 3.4 0.189952
v 0 3.4 0.2
v -0.3912 3.3008 0
v -0.3715461 3.3008 0.1248085
v -0.3165904 3.3008 0.2323415
v -0.2323415 3.3008 0.3165904
v -0.1248085 3.3008 0.3715461
v 0 3.3008 0.3912
v -0.6736 3.2304 0
v -0.6397583 3.2304 0.2149054
v -0.5451311 3.230401 0.4000646
v -0.4000645 3.2304 0.5451311
v -0.2149053 3.2304 0.6397583
v 0 3.2304 0.6736
v -0.9704 3.1696 0
v -0.9216471 3.1696 0.3095964
v -0.7853253 3.169601 0.57634
v -0.5763399 3.1696 0.7853253
v -0.3095964 3.1696 0.9216471
v 0 3.1696 0.9704
v -1.2048 3.0992 0
v -1.144271 3.0992 0.3843794
v -0.9750206 3.0992 0.7155548
v -0.7155547 3.0992 0.9750205
v -0.3843794 3.0992 1.144271
v 0 3.0992 1.2048
v -1.3 3 0
v -1.234688 3 0.414752
v -1.052064 3 0.772096
v -0.7720959 3 1.052064
v -0.4147519 3 1.234688
v 0 3 1.3
v -1.4 3 0
v -1.329664 3 -0.446656
v -1.132992 3 -0.8314881
v -0.8314879 3 -1.132992
v -0.4466559 3 -1.329664
v 0 3 -1.4
v -1.3804 3.084 0
v -1.311049 3.084 -0.4404029
v -1.11713 3.084001 -0.8198473
v -0.8198472 3.084 -1.11713
v -0.4404027 3.084 -1.311049
v 0 3.084 -1.3804
v -1.3902 3.126 0
v -1.320357 3.126 -0.4435295
v -1.125061 3.126001 -0.8256677
v -0.8256676 3.126 -1.125061
v -0.4435294 3.126 -1.320356
v 0 3.126 -1.3902
v -1.4198 3.126 0
v -1.348469 3.126 -0.452973
v -1.149016 3.126001 -0.8432477
v -0.8432475 3.126 -1.149016
v -0.452973 3.126 -1.348469
v 0 3.126 -1.4198
v -1.4596 3.084 0
v -1.38627 3.084 -0.4656708
v -1.181225 3.084 -0.8668857
v -0.8668855 3.084 -1.181225
v -0.4656708 3.084 -1.38627
v 0 3.084 -1.4596
v -1.5 3 0
v -1.42464 3 -0.47856
v -1.21392 3 -0.8908801
v -0.8908799 3 -1.21392
v -0.47856 3 -1.42464
v 0 3 -1.5
v 0 3 -1.4
v 0.446656 3 -1.329664
v 0.8314881 3 -1.132992
v 1.132992 3 -0.8314879
v 1.329664 3 -0.4466559
v 1.4 3 0
v 0 3.084 -1.3804
v 0.4404029 3.084 -1.311049
v 0.8198473 3.084001 -1.11713
v 1.11713 3.084 -0.8198472
v 1.311049 3.084 -0.4404027
v 1.3804 3.084 0
v 0 3.126 -1.3902
v 0.4435295 3.126 -1.320357
v 0.8256677 3.126001 -1.125061
v 1.125061 3.126 -0.8256676
v 1.320356 3.126 -0.4435294
v 1.3902 3.126 0
v 0 3.126 -1.4198
v 0.452973 3.126 -1.348469
v 0.8432477 3.126001 -1.149016
v 1.149016 3.126 -0.8432475
v 1.348469 3.126 -0.452973
v 1.4198 3.126 0
v 0 3.084 -1.4596
v 0.4656708 3.084 -1.38627
v 0.8668857 3.084 -1.181225
v 1.181225 3.084 -0.8668855
v 1.38627 3.084 -0.4656708
v 1.4596 3.084 0
v 0 3 -1.5
v 0.47856 3 -1.42464
v 0.8908801 3 -1.21392
v 1.21392 3 -0.8908799
v 1.42464 3 -0.47856
v 1.5 3 0
v 0 3 1.4
v 0.446656 3 1.329664
v 0.8314881 3 1.132992
v 1.132992 3 0.8314879
v 1.329664 3 0.4466559
v 1.4 3 0
v 0 3.084 1.3804
v 0.4404029 3.084 1.311049
v 0.8198473 3.084001 1.11713
v 1.11713 3.084 0.8198472
v 1.311049 3.084 0.4404027
v 1.3804 3.084 0
v 0 3.126 1.3902
v 0.4435295 3.126 1.320357
v 0.8256677 3.126001 1.125061
v 1.125061 3.126 0.8256676
v 1.320356 3.126 0.4435294
v 1.3902 3.126 0
v 0 3.126 1.4198
v 0.452973 3.126 1.348469
v 0.8432477 3.126001 1.149016
v 1.149016 3.126 0.8432475
v 1.348469 3.126 0.452973
v 1.4198 3.126 0
v 0 3.084 1.4596
v 0.4656708 3.084 1.38627
v 0.8668857 3.084 1.181225
v 1.181225 3.084 0.8668855
v 1.38627 3.084 0.4656708
v 1.4596 3.084 0
v 0 3 1.5
v 0.47856 3 1.42464
v 0.8908801 3 1.21392
v 1.21392 3 0.8908799
v 1.42464 3 0.47856
v 1.5 3 0
v -1.4 3 0
v -1.329664 3 0.446656
v -1.132992 3 0.8314881
v -0.8314879 3 1.132992
v -0.4466559 3 1.329664
v 0 3 1.4
v -1.3804 3.084 0
v -1.311049 3.084 0.4404029
v -1.11713 3.084001 0.8198473
v -0.8198472 3.084 1.11713
v -0.4404027 3.084 1.311049
v 0 3.084 1.3804
v -1.3902 3.126 0
v -1.320357 3.126 0.4435295
v -1.125061 3.126001 0.8256677
v -0.8256676 3.126 1.125061
v -0.4435294 3.126 1.320356
v 0 3.126 1.3902
v -1.4198 3.126 0
v -1.348469 3.126 0.452973
v -1.149016 3.126001 0.8432477
v -0.8432475 3.126 1.149016
v -0.452973 3.126 1.348469
v 0 3.126 1.4198
v -1.4596 3.084 0
v -1.38627 3.084 0.4656708
v -1.181225 3.084 0.8668857
v -0.8668855 3.084 1.181225
v -0.4656708 3.084 1.38627
v 0 3.084 1.4596
v -1.5 3 0
v -1.42464 3 0.47856
v -1.21392 3 0.8908801
v -0.8908799 3 1.21392
v -0.47856 3 1.42464
v 0 3 1.5
v -1.5 3 0
v -1.42464 3 -0.47856
v -1.21392 3 -0.8908801
v -0.8908799 3 -1.21392
v -0.47856 3 -1.42464
v 0 3 -1.5
v -1.648 2.5808 0
v -1.565205 2.5808 -0.525778
v -1.333694 2.5808 -0.9787803
v -0.97878 2.5808 -1.333694
v -0.525778 2.5808 -1.565205
v 0 2.5808 -1.648
v -1.784 2.1664 0
v -1.694372 2.1664 -0.5691674
v -1.443756 2.1664 -1.059554
v -1.059553 2.1664 -1.443756
v -0.5691674 2.1664 -1.694372
v 0 2.1664 -1.784
v -1.896 1.7616 0
v -1.800745 1.7616 -0.6048998
v -1.534395 1.7616 -1.126072
v -1.126072 1.7616 -1.534395
v -0.6048998 1.7616 -1.800745
v 0 1.7616 -1.896
v -1.972 1.3712 0
v -1.872927 1.3712 -0.6291468
v -1.5959 1.3712 -1.17121
v -1.17121 1.3712 -1.5959
v -0.6291469 1.3712 -1.872927
v 0 1.3712 -1.972
v -2 1 0
v -1.89952 1 -0.6380799
v -1.61856 1 -1.18784
v -1.18784 1 -1.61856
v -0.63808 1 -1.89952
v 0 1 -2
v 0 3 -1.5
v 0.47856 3 -1.42464
v 0.8908801 3 -1.21392
v 1.21392 3 -0.8908799
v 1.42464 3 -0.47856
v 1.5 3 0
v 0 2.5808 -1.648
v 0.525778 2.5808 -1.565205
v 0.9787803 2.5808 -1.333694
v 1.333694 2.5808 -0.97878
v 1.565205 2.5808 -0.525778
v 1.648 2.5808 0
v 0 2.1664 -1.784
v 0.5691674 2.1664 -1.694372
v 1.059554 2.1664 -1.443756
v 1.443756 2.1664 -1.059553
v 1.694372 2.1664 -0.5691674
v 1.784 2.1664 0
v 0 1.7616 -1.896
v 0.6048998 1.7616 -1.800745
v 1.126072 1.7616 -1.534395
v 1.534395 1.7616 -1.126072
v 1.800745 1.7616 -0.6048998
v 1.896 1.7616 0
v 0 1.3712 -1.972
v 0.6291468 1.3712 -1.872927
v 1.17121 1.3712 -1.5959
v 1.5959 1.3712 -1.17121
v 1.872927 1.3712 -0.6291469
v 1.972 1.3712 0
v 0 1 -2
v 0.6380799 1 -1.89952
v 1.18784 1 -1.61856
v 1.61856 1 -1.18784
v 1.89952 1 -0.63808
v 2 1 0
v 0 3 1.5
v 0.47856 3 1.42464
v 0.8908801 3 1.21392
v 1.21392 3 0.8908799
v 1.42464 3 0.47856
v 1.5 3 0
v 0 2.5808 1.648
v 0.525778 2.5808 1.565205
v 0.9787803 2.5808 1.333694
v 1.333694 2.5808 0.97878
v 1.565205 2.5808 0.525778
v 1.648 2.5808 0
v 0 2.1664 1.784
v 0.5691674 2.1664 1.694372
v 1.059554 2.1664 1.443756
v 1.443756 2.1664 1.059553
v 1.694372 2.1664 0.5691674
v 1.784 2.1664 0
v 0 1.7616 1.896
v 0.6048998 1.7616 1.800745
v 1.126072 1.7616 1.534395
v 1.534395 1.7616 1.126072
v 1.800745 1.7616 0.6048998
v 1.896 1.7616 0
v 0 1.3712 1.972
v 0.6291468 1.3712 1.872927
v 1.17121 1.3712 1.5959
v 1.5959 1.3712 1.17121
v 1.872927 1.3712 0.6291469
v 1.972 1.3712 0
v 0 1 2
v 0.6380799 1 1.89952
v 1.18784 1 1.61856
v 1.61856 1 1.18784
v 1.89952 1 0.63808
v 2 1 0
v -1.5 3 0
v -1.42464 3 0.47856
v -1.21392 3 0.8908801
v -0.8908799 3 1.21392
v -0.47856 3 1.42464
v 0 3 1.5
v -1.648 2.5808 0
v -1.565205 2.5808 0.525778
v -1.333694 2.5808 0.9787803
v -0.97878 2.5808 1.333694
v -0.525778 2.5808 1.565205
v 0 2.5808 1.648
v -1.784 2.1664 0
v -1.694372 2.1664 0.5691674
v -1.443756 2.1664 1.059554
v -1.059553 2.1664 1.443756
v -0.5691674 2.1664 1.694372
v 0 2.1664 1.784
v -1.896 1.7616 0
v -1.800745 1.7616 0.6048998
v -1.534395 1.7616 1.126072
v -1.126072 1.7616 1.534395
v -0.6048998 1.7616 1.800745
v 0 1.7616 1.896
v -1.972 1.3712 0
v -1.872927 1.3712 0.6291468
v -1.5959 1.3712 1.17121
v -1.17121 1.3712 1.5959
v -0.6291469 1.3712 1.872927
v 0 1.3712 1.972
v -2 1 0
v -1.89952 1 0.6380799
v -1.61856 1 1.18784
v -1.18784 1 1.61856
v -0.63808 1 1.89952
v 0 1 2
v -2 1 0
v -1.89952 1 -0.6380799
v -1.61856 1 -1.18784
v -1.18784 1 -1.61856
v -0.63808 1 -1.89952
v 0 1 -2
v -1.948 0.6752002 0
v -1.850133 0.6752002 -0.6214899
v -1.576478 0.6752002 -1.156956
v -1.156956 0.6752002 -1.576478
v -0.6214899 0.6752002 -1.850133
v 0 0.6752002 -1.948
v -1.824 0.4176001 0
v -1.732363 0.4176002 -0.581929
v -1.476127 0.4176002 -1.08331
v -1.08331 0.4176001 -1.476127
v -0.581929 0.4176001 -1.732362
v 0 0.4176001 -1.824
v -1.676 0.2224 0
v -1.591798 0.2224 -0.534711
v -1.356353 0.2224 -0.9954101
v -0.9954098 0.2224 -1.356353
v -0.534711 0.2224 -1.591798
v 0 0.2224 -1.676
v -1.552 0.08479999 0
v -1.474028 0.08480002 -0.49515
v -1.256003 0.08480002 -0.9217639
v -0.9217637 0.08479999 -1.256003
v -0.4951501 0.08479999 -1.474027
v 0 0.08479999 -1.552
v -1.5 0 0
v -1.42464 0 -0.47856
v -1.21392 1.490116e-8 -0.8908801
v -0.8908799 0 -1.21392
v -0.47856 0 -1.42464
v 0 0 -1.5
v 0 1 -2
v 0.6380799 1 -1.89952
v 1.18784 1 -1.61856
v 1.61856 1 -1.18784
v 1.89952 1 -0.63808
v 2 1 0
v 0 0.6752002 -1.948
v 0.6214899 0.6752002 -1.850133
v 1.156956 0.6752002 -1.576478
v 1.576478 0.6752002 -1.156956
v 1.850133 0.6752002 -0.6214899
v 1.948 0.6752002 0
v 0 0.4176001 -1.824
v 0.581929 0.4176002 -1.732363
v 1.08331 0.4176002 -1.476127
v 1.476127 0.4176001 -1.08331
v 1.732362 0.4176001 -0.581929
v 1.824 0.4176001 0
v 0 0.2224 -1.676
v 0.534711 0.2224 -1.591798
v 0.9954101 0.2224 -1.356353
v 1.356353 0.2224 -0.9954098
v 1.591798 0.2224 -0.534711
v 1.676 0.2224 0
v 0 0.08479999 -1.552
v 0.49515 0.08480002 -1.474028
v 0.9217639 0.08480002 -1.256003
v 1.256003 0.08479999 -0.9217637
v 1.474027 0.08479999 -0.4951501
v 1.552 0.08479999 0
v 0 0 -1.5
v 0.47856 0 -1.42464
v 0.8908801 1.490116e-8 -1.21392
v 1.21392 0 -0.8908799
v 1.42464 0 -0.47856
v 1.5 0 0
v 0 1 2
v 0.6380799 1 1.89952
v 1.18784 1 1.61856
v 1.61856 1 1.18784
v 1.89952 1 0.63808
v 2 1 0
v 0 0.6752002 1.948
v 0.6214899 0.6752002 1.850133
v 1.156956 0.6752002 1.576478
v 1.576478 0.6752002 1.156956
v 1.850133 0.6752002 0.6214899
v 1.948 0.6752002 0
v 0 0.4176001 1.824
v 0.581929 0.4176002 1.732363
v 1.08331 0.4176002 1.476127
v 1.476127 0.4176001 1.08331
v 1.732362 0.4176001 0.581929
v 1.824 0.4176001 0
v 0 0.2224 1.676
v 0.534711 0.2224 1.591798
v 0.9954101 0.2224 1.356353
v 1.356353 0.2224 0.9954098
v 1.591798 0.2224 0.534711
v 1.676 0.2224 0
v 0 0.08479999 1.552
v 0.49515 0.08480002 1.474028
v 0.9217639 0.08480002 1.256003
v 1.256003 0.08479999 0.9217637
v 1.474027 0.08479999 0.4951501
v 1.552 0.08479999 0
v 0 0 1.5
v 0.47856 0 1.42464
v 0.8908801 1.490116e-8 1.21392
v 1.21392 0 0.8908799
v 1.42464 0 0.47856
v 1.5 0 0
v -2 1 0
v -1.89952 1 0.6380799
v -1.61856 1 1.18784
v -1.18784 1 1.61856
v -0.63808 1 1.89952
v 0 1 2
v -1.948 0.6752002 0
v -1.850133 0.6752002 0.6214899
v -1.576478 0.6752002 1.156956
v -1.156956 0.6752002 1.576478
v -0.6214899 0.6752002 1.850133
v 0 0.6752002 1.948
v -1.824 0.4176001 0
v -1.732363 0.4176002 0.581929
v -1.476127 0.4176002 1.08331
v -1.08331 0.4176001 1.476127
v -0.581929 0.4176001 1.732362
v 0 0.4176001 1.824
v -1.676 0.2224 0
v -1.591798 0.2224 0.534711
v -1.356353 0.2224 0.9954101
v -0.9954098 0.2224 1.356353
v -0.534711 0.2224 1.591798
v 0 0.2224 1.676
v -1.552 0.08479999 0
v -1.474028 0.08480002 0.49515
v -1.256003 0.08480002 0.9217639
v -0.9217637 0.08479999 1.256003
v -0.4951501 0.08479999 1.474027
v 0 0.08479999 1.552
v -1.5 0 0
v -1.42464 0 0.47856
v -1.21392 1.490116e-8 0.8908801
v -0.8908799 0 1.21392
v -0.47856 0 1.42464
v 0 0 1.5

vn 0 1 0
vn 0 0.882353 -0.4705881
vn 0 0.3846155 -0.9230769
vn 0 -0.3846155 -0.9230768
vn 0 -0.882353 -0.4705881
vn 0 -1 0
vn -0.0299865 0.9995503 0
vn -0.02585217 0.8825372 -0.4695314
vn -0.01057192 0.3855162 -0.9226406
vn 0.009555425 -0.3856852 -0.922581
vn 0.01951798 -0.8829297 -0.4690994
vn 0.02082881 -0.999783 0
vn -0.1579905 0.9874406 0
vn -0.1355415 0.8694389 -0.4750837
vn -0.05486912 0.378091 -0.924141
vn 0.04954984 -0.380933 -0.923274
vn 0.1010461 -0.8775644 -0.4686902
vn 0.1074818 -0.994207 0
vn -0.4751489 0.8799054 0
vn -0.4032999 0.7681544 -0.4972805
vn -0.1595254 0.3282288 -0.9310304
vn 0.1470194 -0.3401135 -0.9288208
vn 0.3115984 -0.8205596 -0.4791539
vn 0.334765 -0.9423017 0
vn -0.886914 0.4619344 0
vn -0.7644789 0.4103968 -0.4971384
vn -0.3127476 0.1823729 -0.9321637
vn 0.3033164 -0.2003789 -0.9315833
vn 0.694247 -0.5259261 -0.491348
vn 0.7761139 -0.6305927 0
vn -1 0 0
vn -0.8823529 0 -0.4705881
vn -0.3846155 0 -0.9230769
vn 0.3846155 0 -0.9230769
vn 0.8823531 0 -0.4705882
vn 1 0 0
vn 0 1 0
vn 0 0.882353 0.4705881
vn 0 0.3846155 0.9230769
vn 0 -0.3846155 0.9230768
vn 0 -0.882353 0.4705881
vn 0 -1 0
vn -0.0299865 0.9995503 0
vn -0.02585217 0.8825372 0.4695314
vn -0.01057192 0.3855162 0.9226406
vn 0.009555425 -0.3856852 0.922581
vn 0.01951798 -0.8829297 0.4690994
vn 0.02082881 -0.999783 0
vn -0.1579905 0.9874406 0
vn -0.1355415 0.8694389 0.4750837
vn -0.05486912 0.378091 0.924141
vn 0.04954984 -0.380933 0.923274
vn 0.1010461 -0.8775644 0.4686902
vn 0.1074818 -0.994207 0
vn -0.4751489 0.8799054 0
vn -0.4032999 0.7681544 0.4972805
vn -0.1595254 0.3282288 0.9310304
vn 0.1470194 -0.3401135 0.9288208
vn 0.3115984 -0.8205596 0.4791539
vn 0.334765 -0.9423017 0
vn -0.886914 0.4619344 0
vn -0.7644789 0.4103968 0.4971384
vn -0.3127476 0.1823729 0.9321637
vn 0.3033164 -0.2003789 0.9315833
vn 0.694247 -0.5259261 0.491348
vn 0.7761139 -0.6305927 0
vn -1 0 0
vn -0.8823529 0 0.4705881
vn -0.3846155 0 0.9230769
vn 0.3846155 0 0.9230769
vn 0.8823531 0 0.4705882
vn 1 0 0
vn -1 0 0
vn -0.882353 0 -0.4705882
vn -0.3846155 0 -0.9230769
vn 0.3846155 0 -0.9230769
vn 0.882353 0 -0.4705881
vn 1 0 0
vn -0.9711227 -0.2385803 0
vn -0.8522431 -0.2072681 -0.4803348
vn -0.3663639 -0.08667217 -0.9264261
vn 0.3678415 0.08348517 -0.9261334
vn 0.8583449 0.1862453 -0.4780761
vn 0.9782341 0.2075042 0
vn -0.8865849 -0.462566 0
vn -0.7803017 -0.3987625 -0.4817858
vn -0.3394347 -0.1641593 -0.9261943
vn 0.3474068 0.155264 -0.9247712
vn 0.8155634 0.3361773 -0.4710003
vn 0.9296273 0.368501 0
vn -0.7660517 -0.642779 0
vn -0.685922 -0.5621409 -0.46207
vn -0.3142652 -0.2420966 -0.917947
vn 0.3294793 0.2327354 -0.9150288
vn 0.7526752 0.4875326 -0.4424839
vn 0.8492853 0.5279342 0
vn -0.6360726 -0.7716292 0
vn -0.57667 -0.6874836 -0.4413821
vn -0.2751631 -0.3133126 -0.9089117
vn 0.290585 0.3101425 -0.9051917
vn 0.6419517 0.6420529 -0.4191253
vn 0.7179003 0.696146 0
vn -0.5144956 -0.857493 0
vn -0.4567855 -0.761309 -0.460169
vn -0.2027397 -0.3378996 -0.9190868
vn 0.2027398 0.3378996 -0.9190867
vn 0.4567853 0.7613091 -0.4601691
vn 0.5144957 0.8574929 0
vn -1 0 0
vn -0.882353 0 0.4705882
vn -0.3846155 0 0.9230769
vn 0.3846155 0 0.9230769
vn 0.882353 0 0.4705881
vn 1 0 0
vn -0.9711227 -0.2385803 0
vn -0.8522431 -0.2072681 0.4803348
vn -0.3663639 -0.08667217 0.9264261
vn 0.3678415 0.08348517 0.9261334
vn 0.8583449 0.1862453 0.4780761
vn 0.9782341 0.2075042 0
vn -0.8865849 -0.462566 0
vn -0.7803017 -0.3987625 0.4817858
vn -0.3394347 -0.1641593 0.9261943
vn 0.3474068 0.155264 0.9247712
vn 0.8155634 0.3361773 0.4710003
vn 0.9296273 0.368501 0
vn -0.7660517 -0.642779 0
vn -0.685922 -0.5621409 0.46207
vn -0.3142652 -0.2420966 0.917947
vn 0.3294793 0.2327354 0.9150288
vn 0.7526752 0.4875326 0.4424839
vn 0.8492853 0.5279342 0
vn -0.6360726 -0.7716292 0
vn -0.57667 -0.6874836 0.4413821
vn -0.2751631 -0.3133126 0.9089117
vn 0.290585 0.3101425 0.9051917
vn 0.6419517 0.6420529 0.4191253
vn 0.7179003 0.696146 0
vn -0.5144956 -0.857493 0
vn -0.4567855 -0.761309 0.460169
vn -0.2027397 -0.3378996 0.9190868
vn 0.2027398 0.3378996 0.9190867
vn 0.4567853 0.7613091 0.4601691
vn 0.5144957 0.8574929 0
vn 0.7071059 -0.7071076 0
vn 0.4862046 -0.5342706 0.6914912
vn 0.1513619 -0.1966671 0.9687165
vn -0.150451 0.2240856 0.9628863
vn -0.4209574 0.681439 0.5986951
vn -0.5144954 0.8574931 0
vn 0.9061826 -0.4228864 0
vn 0.5214164 -0.1551964 0.8390703
vn 0.1247846 0.1837644 0.9750177
vn -0.1387798 0.4926212 0.8591068
vn -0.3477716 0.7863495 0.5105971
vn -0.42853 0.9035276 0
vn 0.5812379 0.8137337 0
vn 0.2757149 0.8080891 0.5205509
vn 0.02747248 0.8527395 0.5216137
vn -0.1016183 0.9042631 0.4147072
vn -0.1948642 0.9505841 0.2416979
vn -0.2374532 0.9713989 0
vn -0.2821661 0.9593656 0
vn -0.2188126 0.9341015 -0.2820915
vn -0.1037277 0.8703519 -0.4813815
vn 0.06482539 0.7451044 -0.66379
vn 0.4862878 0.3912876 -0.7812927
vn 0.9887153 -0.1498067 0
vn -0.5462675 0.8376108 0
vn -0.3991388 0.7362738 -0.5464331
vn -0.1441181 0.4996925 -0.8541296
vn 0.1509902 0.09452724 -0.9840053
vn 0.4923664 -0.5356967 -0.6860061
vn 0.5976647 -0.8017462 0
vn -0.7071068 0.7071068 0
vn -0.509555 0.5612035 -0.6522303
vn -0.1668305 0.2208053 -0.9609436
vn 0.1652861 -0.2574603 -0.9520476
vn 0.4211391 -0.7294233 -0.5390579
vn 0.4856427 -0.8741574 0
vn 0.7071059 -0.7071076 0
vn 0.4862046 -0.5342706 -0.6914912
vn 0.1513619 -0.1966671 -0.9687165
vn -0.150451 0.2240856 -0.9628863
vn -0.4209574 0.681439 -0.5986951
vn -0.5144954 0.8574931 0
vn 0.9061826 -0.4228864 0
vn 0.5214164 -0.1551964 -0.8390703
vn 0.1247846 0.1837644 -0.9750177
vn -0.1387798 0.4926212 -0.8591068
vn -0.3477716 0.7863495 -0.5105971
vn -0.42853 0.9035276 0
vn 0.5812379 0.8137337 0
vn 0.2757149 0.8080891 -0.5205509
vn 0.02747248 0.8527395 -0.5216137
vn -0.1016183 0.9042631 -0.4147072
vn -0.1948642 0.9505841 -0.2416979
vn -0.2374532 0.9713989 0
vn -0.2821661 0.9593656 0
vn -0.2188126 0.9341015 0.2820915
vn -0.1037277 0.8703519 0.4813815
vn 0.06482539 0.7451044 0.66379
vn 0.4862878 0.3912876 0.7812927
vn 0.9887153 -0.1498067 0
vn -0.5462675 0.8376108 0
vn -0.3991388 0.7362738 0.5464331
vn -0.1441181 0.4996925 0.8541296
vn 0.1509902 0.09452724 0.9840053
vn 0.4923664 -0.5356967 0.6860061
vn 0.5976647 -0.8017462 0
vn -0.7071068 0.7071068 0
vn -0.509555 0.5612035 0.6522303
vn -0.1668305 0.2208053 0.9609436
vn 0.1652861 -0.2574603 0.9520476
vn 0.4211391 -0.7294233 0.5390579
vn 0.4856427 -0.8741574 0
vn -0.7071068 0.7071068 0
vn -0.5095544 0.5612051 -0.6522295
vn -0.1668305 0.2208053 -0.9609436
vn 0.1652861 -0.2574594 -0.9520479
vn 0.421139 -0.7294235 -0.5390578
vn 0.485643 -0.8741572 0
vn -0.9407992 0.3389645 0
vn -0.7258358 0.3405834 -0.5976331
vn -0.2211559 0.2299531 -0.9477403
vn 0.2930282 -0.009989331 -0.9560516
vn 0.7399063 -0.3048774 -0.5996571
vn 0.9003212 -0.4352263 0
vn -0.9701425 0.2425357 0
vn -0.8301934 0.2762105 -0.4842384
vn -0.2306428 0.2381936 -0.943434
vn 0.4910515 0.03652383 -0.8703645
vn 0.8830006 -0.1457545 -0.4461677
vn 0.9780889 -0.2081877 0
vn -0.897303 0.4414153 0
vn -0.752976 0.433602 -0.4949914
vn -0.1485979 0.2656652 -0.9525443
vn 0.539362 -0.04562199 -0.8408372
vn 0.874736 -0.2505596 -0.4147975
vn 0.9506533 -0.3102552 0
vn -0.522562 0.8526013 0
vn -0.3944123 0.6962994 -0.5996717
vn -0.0534667 0.2685947 -0.9617683
vn 0.3173286 -0.1967435 -0.9276824
vn 0.6157255 -0.5705113 -0.5435062
vn 0.7149628 -0.6991625 0
vn 0 1 0
vn -0.02448763 0.7471852 -0.6641645
vn -0.02379602 0.242467 -0.9698678
vn 0.03849181 -0.242356 -0.9694235
vn 0.1474102 -0.7392443 -0.6571058
vn 0.2095291 -0.9778025 0
vn -0.7071068 0.7071068 0
vn -0.5095544 0.5612051 0.6522295
vn -0.1668305 0.2208053 0.9609436
vn 0.1652861 -0.2574594 0.9520479
vn 0.421139 -0.7294235 0.5390578
vn 0.485643 -0.8741572 0
vn -0.9407992 0.3389645 0
vn -0.7258358 0.3405834 0.5976331
vn -0.2211559 0.2299531 0.9477403
vn 0.2930282 -0.009989331 0.9560516
vn 0.7399063 -0.3048774 0.5996571
vn 0.9003212 -0.4352263 0
vn -0.9701425 0.2425357 0
vn -0.8301934 0.2762105 0.4842384
vn -0.2306428 0.2381936 0.943434
vn 0.4910515 0.03652383 0.8703645
vn 0.8830006 -0.1457545 0.4461677
vn 0.9780889 -0.2081877 0
vn -0.897303 0.4414153 0
vn -0.752976 0.433602 0.4949914
vn -0.1485979 0.2656652 0.9525443
vn 0.539362 -0.04562199 0.8408372
vn 0.874736 -0.2505596 0.4147975
vn 0.9506533 -0.3102552 0
vn -0.522562 0.8526013 0
vn -0.3944123 0.6962994 0.5996717
vn -0.0534667 0.2685947 0.9617683
vn 0.3173286 -0.1967435 0.9276824
vn 0.6157255 -0.5705113 0.5435062
vn 0.7149628 -0.6991625 0
vn 0 1 0
vn -0.02448763 0.7471852 0.6641645
vn -0.02379602 0.242467 0.9698678
vn 0.03849181 -0.242356 0.9694235
vn 0.1474102 -0.7392443 0.6571058
vn 0.2095291 -0.9778025 0
vn 0 1 0
vn 0 1 0
vn 0 1 0
vn 0 1 0
vn 0 1 0
vn -0.4579565 0.8889746 0
vn -0.4347158 0.8894159 -0.1412845
vn -0.3689065 0.8899016 -0.2682967
vn -0.2682968 0.8899016 -0.3689065
vn -0.1412846 0.8894158 -0.4347161
vn 0 0.8889746 -0.4579565
vn -0.961524 -0.2747212 0
vn -0.9142463 -0.2753948 -0.2971723
vn -0.7772744 -0.2761545 -0.5653169
vn -0.5653169 -0.2761545 -0.7772744
vn -0.2971724 -0.2753946 -0.9142464
vn 0 -0.2747212 -0.961524
vn -0.8203982 -0.5717927 0
vn -0.7795053 -0.5727912 -0.2535383
vn -0.66223 -0.5739096 -0.481746
vn -0.481746 -0.5739094 -0.6622301
vn -0.2535384 -0.572791 -0.7795054
vn 0 -0.5717927 -0.8203982
vn -0.9363291 -0.3511234 0
vn -0.8898625 -0.3520773 -0.2901488
vn -0.7563397 -0.3531724 -0.5506536
vn -0.5506536 -0.3531722 -0.7563398
vn -0.2901488 -0.3520772 -0.8898625
vn 0 -0.3511234 -0.9363291
vn -0.7071068 0.7071067 0
vn -0.6714701 0.7077707 -0.2195191
vn -0.5703877 0.708455 -0.4156313
vn -0.4156316 0.7084546 -0.5703881
vn -0.219519 0.7077707 -0.67147
vn 0 0.7071067 -0.7071068
vn 0 1 0
vn 0 1 0
vn 0 1 0
vn 0 1 0
vn 0 1 0
vn 0 0.8889746 -0.4579565
vn 0.1412845 0.8894159 -0.4347158
vn 0.2682967 0.8899016 -0.3689065
vn 0.3689065 0.8899016 -0.2682968
vn 0.4347161 0.8894158 -0.1412846
vn 0.4579565 0.8889746 0
vn 0 -0.2747212 -0.961524
vn 0.2971723 -0.2753948 -0.9142463
vn 0.5653169 -0.2761545 -0.7772744
vn 0.7772744 -0.2761545 -0.5653169
vn 0.9142464 -0.2753946 -0.2971724
vn 0.961524 -0.2747212 0
vn 0 -0.5717927 -0.8203982
vn 0.2535383 -0.5727912 -0.7795053
vn 0.481746 -0.5739096 -0.66223
vn 0.6622301 -0.5739094 -0.481746
vn 0.7795054 -0.572791 -0.2535384
vn 0.8203982 -0.5717927 0
vn 0 -0.3511234 -0.9363291
vn 0.2901488 -0.3520773 -0.8898625
vn 0.5506536 -0.3531724 -0.7563397
vn 0.7563398 -0.3531722 -0.5506536
vn 0.8898625 -0.3520772 -0.2901488
vn 0.9363291 -0.3511234 0
vn 0 0.7071067 -0.7071068
vn 0.2195191 0.7077707 -0.6714701
vn 0.4156313 0.708455 -0.5703877
vn 0.5703881 0.7084546 -0.4156316
vn 0.67147 0.7077707 -0.219519
vn 0.7071068 0.7071067 0
vn 0 1 0
vn 0 1 0
vn 0 1 0
vn 0 1 0
vn 0 1 0
vn 0 0.8889746 0.4579565
vn 0.1412845 0.8894159 0.4347158
vn 0.2682967 0.8899016 0.3689065
vn 0.3689065 0.8899016 0.2682968
vn 0.4347161 0.8894158 0.1412846
vn 0.4579565 0.8889746 0
vn 0 -0.2747212 0.961524
vn 0.2971723 -0.2753948 0.9142463
vn 0.5653169 -0.2761545 0.7772744
vn 0.7772744 -0.2761545 0.5653169
vn 0.9142464 -0.2753946 0.2971724
vn 0.961524 -0.2747212 0
vn 0 -0.5717927 0.8203982
vn 0.2535383 -0.5727912 0.7795053
vn 0.481746 -0.5739096 0.66223
vn 0.6622301 -0.5739094 0.481746
vn 0.7795054 -0.572791 0.2535384
vn 0.8203982 -0.5717927 0
vn 0 -0.3511234 0.9363291
vn 0.2901488 -0.3520773 0.8898625
vn 0.5506536 -0.3531724 0.7563397
vn 0.7563398 -0.3531722 0.5506536
vn 0.8898625 -0.3520772 0.2901488
vn 0.9363291 -0.3511234 0
vn 0 0.7071067 0.7071068
vn 0.2195191 0.7077707 0.6714701
vn 0.4156313 0.708455 0.5703877
vn 0.5703881 0.7084546 0.4156316
vn 0.67147 0.7077707 0.219519
vn 0.7071068 0.7071067 0
vn 0 1 0
vn 0 1 0
vn 0 1 0
vn 0 1 0
vn 0 1 0
vn -0.4579565 0.8889746 0
vn -0.4347158 0.8894159 0.1412845
vn -0.3689065 0.8899016 0.2682967
vn -0.2682968 0.8899016 0.3689065
vn -0.1412846 0.8894158 0.4347161
vn 0 0.8889746 0.4579565
vn -0.961524 -0.2747212 0
vn -0.9142463 -0.2753948 0.2971723
vn -0.7772744 -0.2761545 0.5653169
vn -0.5653169 -0.2761545 0.7772744
vn -0.2971724 -0.2753946 0.9142464
vn 0 -0.2747212 0.961524
vn -0.8203982 -0.5717927 0
vn -0.7795053 -0.5727912 0.2535383
vn -0.66223 -0.5739096 0.481746
vn -0.481746 -0.5739094 0.6622301
vn -0.2535384 -0.572791 0.7795054
vn 0 -0.5717927 0.8203982
vn -0.9363291 -0.3511234 0
vn -0.8898625 -0.3520773 0.2901488
vn -0.7563397 -0.3531724 0.5506536
vn -0.5506536 -0.3531722 0.7563398
vn -0.2901488 -0.3520772 0.8898625
vn 0 -0.3511234 0.9363291
vn -0.7071068 0.7071067 0
vn -0.6714701 0.7077707 0.2195191
vn -0.5703877 0.708455 0.4156313
vn -0.4156316 0.7084546 0.5703881
vn -0.219519 0.7077707 0.67147
vn 0 0.7071067 0.7071068
vn -0.7071064 0.7071071 0
vn -0.6714693 0.7077715 -0.2195188
vn -0.5703873 0.7084554 -0.4156311
vn -0.4156308 0.7084559 -0.570387
vn -0.2195187 0.707772 -0.6714689
vn 0 0.7071071 -0.7071064
vn -0.3107387 0.9504954 0
vn -0.2948543 0.9506676 -0.09639468
vn -0.2502722 0.9508446 -0.1823689
vn -0.1823687 0.9508447 -0.2502719
vn -0.09639459 0.9506677 -0.2948541
vn 0 0.9504954 -0.3107387
vn -0.2020914 0.9793667 0
vn -0.191741 0.9794417 -0.06268456
vn -0.1627321 0.9795188 -0.11858
vn -0.1185798 0.9795188 -0.1627319
vn -0.0626845 0.9794417 -0.1917409
vn 0 0.9793667 -0.2020914
vn -0.2187115 0.9757896 0
vn -0.2075127 0.9758771 -0.06784069
vn -0.17612 0.9759671 -0.1283355
vn -0.1283354 0.9759671 -0.1761198
vn -0.06784067 0.9758771 -0.2075126
vn 0 0.9757896 -0.2187115
vn -0.4175003 0.9086767 0
vn -0.396217 0.9089738 -0.1295325
vn -0.3363589 0.9092795 -0.2450987
vn -0.2450985 0.9092797 -0.3363587
vn -0.1295325 0.9089738 -0.396217
vn 0 0.9086767 -0.4175003
vn -1 0 0
vn -0.9504953 0 -0.3107388
vn -0.8081939 0 -0.5889165
vn -0.5889165 0 -0.8081939
vn -0.3107388 0 -0.9504953
vn 0 0 -1
vn 0 0.7071071 -0.7071064
vn 0.2195188 0.7077715 -0.6714693
vn 0.4156311 0.7084554 -0.5703873
vn 0.570387 0.7084559 -0.4156308
vn 0.6714689 0.707772 -0.2195187
vn 0.7071064 0.7071071 0
vn 0 0.9504954 -0.3107387
vn 0.09639468 0.9506676 -0.2948543
vn 0.1823689 0.9508446 -0.2502722
vn 0.2502719 0.9508447 -0.1823687
vn 0.2948541 0.9506677 -0.09639459
vn 0.3107387 0.9504954 0
vn 0 0.9793667 -0.2020914
vn 0.06268456 0.9794417 -0.191741
vn 0.11858 0.9795188 -0.1627321
vn 0.1627319 0.9795188 -0.1185798
vn 0.1917409 0.9794417 -0.0626845
vn 0.2020914 0.9793667 0
vn 0 0.9757896 -0.2187115
vn 0.06784069 0.9758771 -0.2075127
vn 0.1283355 0.9759671 -0.17612
vn 0.1761198 0.9759671 -0.1283354
vn 0.2075126 0.9758771 -0.06784067
vn 0.2187115 0.9757896 0
vn 0 0.9086767 -0.4175003
vn 0.1295325 0.9089738 -0.396217
vn 0.2450987 0.9092795 -0.3363589
vn 0.3363587 0.9092797 -0.2450985
vn 0.396217 0.9089738 -0.1295325
vn 0.4175003 0.9086767 0
vn 0 0 -1
vn 0.3107388 0 -0.9504953
vn 0.5889165 0 -0.8081939
vn 0.8081939 0 -0.5889165
vn 0.9504953 0 -0.3107388
vn 1 0 0
vn 0 0.7071071 0.7071064
vn 0.2195188 0.7077715 0.6714693
vn 0.4156311 0.7084554 0.5703873
vn 0.570387 0.7084559 0.4156308
vn 0.6714689 0.707772 0.2195187
vn 0.7071064 0.7071071 0
vn 0 0.9504954 0.3107387
vn 0.09639468 0.9506676 0.2948543
vn 0.1823689 0.9508446 0.2502722
vn 0.2502719 0.9508447 0.1823687
vn 0.2948541 0.9506677 0.09639459
vn 0.3107387 0.9504954 0
vn 0 0.9793667 0.2020914
vn 0.06268456 0.9794417 0.191741
vn 0.11858 0.9795188 0.1627321
vn 0.1627319 0.9795188 0.1185798
vn 0.1917409 0.9794417 0.0626845
vn 0.2020914 0.9793667 0
vn 0 0.9757896 0.2187115
vn 0.06784069 0.9758771 0.2075127
vn 0.1283355 0.9759671 0.17612
vn 0.1761198 0.9759671 0.1283354
vn 0.2075126 0.9758771 0.06784067
vn 0.2187115 0.9757896 0
vn 0 0.9086767 0.4175003
vn 0.1295325 0.9089738 0.396217
vn 0.2450987 0.9092795 0.3363589
vn 0.3363587 0.9092797 0.2450985
vn 0.396217 0.9089738 0.1295325
vn 0.4175003 0.9086767 0
vn 0 0 1
vn 0.3107388 0 0.9504953
vn 0.5889165 0 0.8081939
vn 0.8081939 0 0.5889165
vn 0.9504953 0 0.3107388
vn 1 0 0
vn -0.7071064 0.7071071 0
vn -0.6714693 0.7077715 0.2195188
vn -0.5703873 0.7084554 0.4156311
vn -0.4156308 0.7084559 0.570387
vn -0.2195187 0.707772 0.6714689
vn 0 0.7071071 0.7071064
vn -0.3107387 0.9504954 0
vn -0.2948543 0.9506676 0.09639468
vn -0.2502722 0.9508446 0.1823689
vn -0.1823687 0.9508447 0.2502719
vn -0.09639459 0.9506677 0.2948541
vn 0 0.9504954 0.3107387
vn -0.2020914 0.9793667 0
vn -0.191741 0.9794417 0.06268456
vn -0.1627321 0.9795188 0.11858
vn -0.1185798 0.9795188 0.1627319
vn -0.0626845 0.9794417 0.1917409
vn 0 0.9793667 0.2020914
vn -0.2187115 0.9757896 0
vn -0.2075127 0.9758771 0.06784069
vn -0.17612 0.9759671 0.1283355
vn -0.1283354 0.9759671 0.1761198
vn -0.06784067 0.9758771 0.2075126
vn 0 0.9757896 0.2187115
vn -0.4175003 0.9086767 0
vn -0.396217 0.9089738 0.1295325
vn -0.3363589 0.9092795 0.2450987
vn -0.2450985 0.9092797 0.3363587
vn -0.1295325 0.9089738 0.396217
vn 0 0.9086767 0.4175003
vn -1 0 0
vn -0.9504953 0 0.3107388
vn -0.8081939 0 0.5889165
vn -0.5889165 0 0.8081939
vn -0.3107388 0 0.9504953
vn 0 0 1
vn 0.9417419 -0.3363365 0
vn 0.8949311 -0.3368963 0.2925736
vn 0.7607805 -0.3374762 0.5543672
vn 0.5543671 -0.3374766 0.7607803
vn 0.2925735 -0.3368968 0.8949309
vn 0 -0.3363365 0.9417419
vn 0.9986309 -0.05230917 0
vn 0.9491892 -0.0524067 0.3103119
vn 0.807079 -0.05250899 0.5881041
vn 0.5881041 -0.05250853 0.807079
vn 0.3103118 -0.05240723 0.9491891
vn 0 -0.05230917 0.9986309
vn 0.7020739 0.7121041 0
vn 0.6666822 0.712763 0.2179538
vn 0.5663134 0.7134415 0.4126625
vn 0.4126617 0.7134427 0.5663124
vn 0.2179539 0.7127627 0.6666825
vn 0 0.7121041 0.7020739
vn -0.5007541 0.8655896 0
vn -0.4752949 0.8659967 -0.1553849
vn -0.4035502 0.8664156 -0.2940599
vn -0.2940593 0.8664162 -0.4035496
vn -0.1553849 0.8659967 -0.475295
vn 0 0.8655896 -0.5007541
vn -0.8338783 0.5519482 0
vn -0.7921435 0.5526692 -0.25897
vn -0.6731505 0.5534127 -0.4905127
vn -0.4905126 0.5534132 -0.6731503
vn -0.25897 0.5526692 -0.7921435
vn 0 0.5519482 -0.8338783
vn -0.9417419 0.3363365 0
vn -0.8949306 0.3368973 -0.2925735
vn -0.7607805 0.337476 -0.5543671
vn -0.5543672 0.3374758 -0.7607806
vn -0.2925735 0.3368973 -0.8949306
vn 0 0.3363365 -0.9417419
vn 0 -0.3363365 0.9417419
vn -0.2925736 -0.3368963 0.8949311
vn -0.5543672 -0.3374762 0.7607805
vn -0.7607803 -0.3374766 0.5543671
vn -0.8949309 -0.3368968 0.2925735
vn -0.9417419 -0.3363365 0
vn 0 -0.05230917 0.9986309
vn -0.3103119 -0.0524067 0.9491892
vn -0.5881041 -0.05250899 0.807079
vn -0.807079 -0.05250853 0.5881041
vn -0.9491891 -0.05240723 0.3103118
vn -0.9986309 -0.05230917 0
vn 0 0.7121041 0.7020739
vn -0.2179538 0.712763 0.6666822
vn -0.4126625 0.7134415 0.5663134
vn -0.5663124 0.7134427 0.4126617
vn -0.6666825 0.7127627 0.2179539
vn -0.7020739 0.7121041 0
vn 0 0.8655896 -0.5007541
vn 0.1553849 0.8659967 -0.4752949
vn 0.2940599 0.8664156 -0.4035502
vn 0.4035496 0.8664162 -0.2940593
vn 0.475295 0.8659967 -0.1553849
vn 0.5007541 0.8655896 0
vn 0 0.5519482 -0.8338783
vn 0.25897 0.5526692 -0.7921435
vn 0.4905127 0.5534127 -0.6731505
vn 0.6731503 0.5534132 -0.4905126
vn 0.7921435 0.5526692 -0.25897
vn 0.8338783 0.5519482 0
vn 0 0.3363365 -0.9417419
vn 0.2925735 0.3368973 -0.8949306
vn 0.5543671 0.337476 -0.7607805
vn 0.7607806 0.3374758 -0.5543672
vn 0.8949306 0.3368973 -0.2925735
vn 0.9417419 0.3363365 0
vn 0 -0.3363365 -0.9417419
vn -0.2925736 -0.3368963 -0.8949311
vn -0.5543672 -0.3374762 -0.7607805
vn -0.7607803 -0.3374766 -0.5543671
vn -0.8949309 -0.3368968 -0.2925735
vn -0.9417419 -0.3363365 0
vn 0 -0.05230917 -0.9986309
vn -0.3103119 -0.0524067 -0.9491892
vn -0.5881041 -0.05250899 -0.807079
vn -0.807079 -0.05250853 -0.5881041
vn -0.9491891 -0.05240723 -0.3103118
vn -0.9986309 -0.05230917 0
vn 0 0.7121041 -0.7020739
vn -0.2179538 0.712763 -0.6666822
vn -0.4126625 0.7134415 -0.5663134
vn -0.5663124 0.7134427 -0.4126617
vn -0.6666825 0.7127627 -0.2179539
vn -0.7020739 0.7121041 0
vn 0 0.8655896 0.5007541
vn 0.1553849 0.8659967 0.4752949
vn 0.2940599 0.8664156 0.4035502
vn 0.4035496 0.8664162 0.2940593
vn 0.475295 0.8659967 0.1553849
vn 0.5007541 0.8655896 0
vn 0 0.5519482 0.8338783
vn 0.25897 0.5526692 0.7921435
vn 0.4905127 0.5534127 0.6731505
vn 0.6731503 0.5534132 0.4905126
vn 0.7921435 0.5526692 0.25897
vn 0.8338783 0.5519482 0
vn 0 0.3363365 0.9417419
vn 0.2925735 0.3368973 0.8949306
vn 0.5543671 0.337476 0.7607805
vn 0.7607806 0.3374758 0.5543672
vn 0.8949306 0.3368973 0.2925735
vn 0.9417419 0.3363365 0
vn 0.9417419 -0.3363365 0
vn 0.8949311 -0.3368963 -0.2925736
vn 0.7607805 -0.3374762 -0.5543672
vn 0.5543671 -0.3374766 -0.7607803
vn 0.2925735 -0.3368968 -0.8949309
vn 0 -0.3363365 -0.9417419
vn 0.9986309 -0.05230917 0
vn 0.9491892 -0.0524067 -0.3103119
vn 0.807079 -0.05250899 -0.5881041
vn 0.5881041 -0.05250853 -0.807079
vn 0.3103118 -0.05240723 -0.9491891
vn 0 -0.05230917 -0.9986309
vn 0.7020739 0.7121041 0
vn 0.6666822 0.712763 -0.2179538
vn 0.5663134 0.7134415 -0.4126625
vn 0.4126617 0.7134427 -0.5663124
vn 0.2179539 0.7127627 -0.6666825
vn 0 0.7121041 -0.7020739
vn -0.5007541 0.8655896 0
vn -0.4752949 0.8659967 0.1553849
vn -0.4035502 0.8664156 0.2940599
vn -0.2940593 0.8664162 0.4035496
vn -0.1553849 0.8659967 0.475295
vn 0 0.8655896 0.5007541
vn -0.8338783 0.5519482 0
vn -0.7921435 0.5526692 0.25897
vn -0.6731505 0.5534127 0.4905127
vn -0.4905126 0.5534132 0.6731503
vn -0.25897 0.5526692 0.7921435
vn 0 0.5519482 0.8338783
vn -0.9417419 0.3363365 0
vn -0.8949306 0.3368973 0.2925735
vn -0.7607805 0.337476 0.5543671
vn -0.5543672 0.3374758 0.7607806
vn -0.2925735 0.3368973 0.8949306
vn 0 0.3363365 0.9417419
vn -0.9417419 0.3363364 0
vn -0.8949307 0.3368973 -0.2925735
vn -0.7607803 0.3374767 -0.554367
vn -0.5543671 0.3374762 -0.7607804
vn -0.2925735 0.3368971 -0.8949307
vn 0 0.3363364 -0.9417419
vn -0.945373 0.3259906 0
vn -0.8983929 0.3265385 -0.2937054
vn -0.7637338 0.3271043 -0.5565192
vn -0.5565191 0.3271042 -0.7637338
vn -0.2937054 0.3265384 -0.898393
vn 0 0.3259906 -0.945373
vn -0.9559601 0.2934965 0
vn -0.9084883 0.2940007 -0.2970058
vn -0.7723463 0.2945218 -0.5627949
vn -0.5627949 0.2945219 -0.7723463
vn -0.2970058 0.2940008 -0.9084883
vn 0 0.2934965 -0.9559601
vn -0.9721743 0.2342588 0
vn -0.9239517 0.2346751 -0.3020611
vn -0.7855402 0.2351053 -0.5724091
vn -0.5724091 0.2351055 -0.7855402
vn -0.3020611 0.2346752 -0.9239517
vn 0 0.2342588 -0.9721743
vn -0.9901354 0.1401135 0
vn -0.9410843 0.1403718 -0.3076622
vn -0.8001612 0.1406387 -0.5830632
vn -0.5830632 0.1406389 -0.8001612
vn -0.3076621 0.1403719 -0.9410843
vn 0 0.1401135 -0.9901354
vn -1 0 0
vn -0.9504953 0 -0.3107388
vn -0.8081939 0 -0.5889165
vn -0.5889165 0 -0.8081939
vn -0.3107388 0 -0.9504954
vn 0 0 -1
vn 0 0.3363364 -0.9417419
vn 0.2925735 0.3368973 -0.8949307
vn 0.554367 0.3374767 -0.7607803
vn 0.7607804 0.3374762 -0.5543671
vn 0.8949307 0.3368971 -0.2925735
vn 0.9417419 0.3363364 0
vn 0 0.3259906 -0.945373
vn 0.2937054 0.3265385 -0.8983929
vn 0.5565192 0.3271043 -0.7637338
vn 0.7637338 0.3271042 -0.5565191
vn 0.898393 0.3265384 -0.2937054
vn 0.945373 0.3259906 0
vn 0 0.2934965 -0.9559601
vn 0.2970058 0.2940007 -0.9084883
vn 0.5627949 0.2945218 -0.7723463
vn 0.7723463 0.2945219 -0.5627949
vn 0.9084883 0.2940008 -0.2970058
vn 0.9559601 0.2934965 0
vn 0 0.2342588 -0.9721743
vn 0.3020611 0.2346751 -0.9239517
vn 0.5724091 0.2351053 -0.7855402
vn 0.7855402 0.2351055 -0.5724091
vn 0.9239517 0.2346752 -0.3020611
vn 0.9721743 0.2342588 0
vn 0 0.1401135 -0.9901354
vn 0.3076622 0.1403718 -0.9410843
vn 0.5830632 0.1406387 -0.8001612
vn 0.8001612 0.1406389 -0.5830632
vn 0.9410843 0.1403719 -0.3076621
vn 0.9901354 0.1401135 0
vn 0 0 -1
vn 0.3107388 0 -0.9504953
vn 0.5889165 0 -0.8081939
vn 0.8081939 0 -0.5889165
vn 0.9504954 0 -0.3107388
vn 1 0 0
vn 0 0.3363364 0.9417419
vn 0.2925735 0.3368973 0.8949307
vn 0.554367 0.3374767 0.7607803
vn 0.7607804 0.3374762 0.5543671
vn 0.8949307 0.3368971 0.2925735
vn 0.9417419 0.3363364 0
vn 0 0.3259906 0.945373
vn 0.2937054 0.3265385 0.8983929
vn 0.5565192 0.3271043 0.7637338
vn 0.7637338 0.3271042 0.5565191
vn 0.898393 0.3265384 0.2937054
vn 0.945373 0.3259906 0
vn 0 0.2934965 0.9559601
vn 0.2970058 0.2940007 0.9084883
vn 0.5627949 0.2945218 0.7723463
vn 0.7723463 0.2945219 0.5627949
vn 0.9084883 0.2940008 0.2970058
vn 0.9559601 0.2934965 0
vn 0 0.2342588 0.9721743
vn 0.3020611 0.2346751 0.9239517
vn 0.5724091 0.2351053 0.7855402
vn 0.7855402 0.2351055 0.5724091
vn 0.9239517 0.2346752 0.3020611
vn 0.9721743 0.2342588 0
vn 0 0.1401135 0.9901354
vn 0.3076622 0.1403718 0.9410843
vn 0.5830632 0.1406387 0.8001612
vn 0.8001612 0.1406389 0.5830632
vn 0.9410843 0.1403719 0.3076621
vn 0.9901354 0.1401135 0
vn 0 0 1
vn 0.3107388 0 0.9504953
vn 0.5889165 0 0.8081939
vn 0.8081939 0 0.5889165
vn 0.9504954 0 0.3107388
vn 1 0 0
vn -0.9417419 0.3363364 0
vn -0.8949307 0.3368973 0.2925735
vn -0.7607803 0.3374767 0.554367
vn -0.5543671 0.3374762 0.7607804
vn -0.2925735 0.3368971 0.8949307
vn 0 0.3363364 0.9417419
vn -0.945373 0.3259906 0
vn -0.8983929 0.3265385 0.2937054
vn -0.7637338 0.3271043 0.5565192
vn -0.5565191 0.3271042 0.7637338
vn -0.2937054 0.3265384 0.898393
vn 0 0.3259906 0.945373
vn -0.9559601 0.2934965 0
vn -0.9084883 0.2940007 0.2970058
vn -0.7723463 0.2945218 0.5627949
vn -0.5627949 0.2945219 0.7723463
vn -0.2970058 0.2940008 0.9084883
vn 0 0.2934965 0.9559601
vn -0.9721743 0.2342588 0
vn -0.9239517 0.2346751 0.3020611
vn -0.7855402 0.2351053 0.5724091
vn -0.5724091 0.2351055 0.7855402
vn -0.3020611 0.2346752 0.9239517
vn 0 0.2342588 0.9721743
vn -0.9901354 0.1401135 0
vn -0.9410843 0.1403718 0.3076622
vn -0.8001612 0.1406387 0.5830632
vn -0.5830632 0.1406389 0.8001612
vn -0.3076621 0.1403719 0.9410843
vn 0 0.1401135 0.9901354
vn -1 0 0
vn -0.9504953 0 0.3107388
vn -0.8081939 0 0.5889165
vn -0.5889165 0 0.8081939
vn -0.3107388 0 0.9504954
vn 0 0 1
vn -1 0 0
vn -0.9504953 0 -0.3107389
vn -0.8081939 0 -0.5889164
vn -0.5889164 0 -0.8081939
vn -0.3107388 0 -0.9504954
vn 0 0 -1
vn -0.949465 -0.3138728 0
vn -0.9022948 -0.3144047 -0.294981
vn -0.7670624 -0.3149543 -0.5589447
vn -0.5589446 -0.3149543 -0.7670624
vn -0.2949809 -0.3144048 -0.9022948
vn 0 -0.3138728 -0.949465
vn -0.8429222 -0.5380354 0
vn -0.8007575 -0.5387537 -0.2617861
vn -0.6804902 -0.5394951 -0.495861
vn -0.495861 -0.5394951 -0.6804902
vn -0.261786 -0.5387538 -0.8007574
vn 0 -0.5380354 -0.8429222
vn -0.7546055 -0.6561787 0
vn -0.7166684 -0.6568804 -0.2342955
vn -0.6088639 -0.6576042 -0.4436682
vn -0.4436682 -0.6576043 -0.6088638
vn -0.2342954 -0.6568806 -0.7166684
vn 0 -0.6561787 -0.7546055
vn -0.7546055 -0.6561787 0
vn -0.7166685 -0.6568805 -0.2342955
vn -0.6088639 -0.6576042 -0.4436682
vn -0.4436682 -0.6576043 -0.6088638
vn -0.2342954 -0.6568806 -0.7166684
vn 0 -0.6561787 -0.7546055
vn -1 0 0
vn -0.9504953 0 -0.3107389
vn -0.8081939 0 -0.5889164
vn -0.5889164 0 -0.808194
vn -0.3107389 0 -0.9504953
vn 0 0 -1
vn 0 0 -1
vn 0.3107389 0 -0.9504953
vn 0.5889164 0 -0.8081939
vn 0.8081939 0 -0.5889164
vn 0.9504954 0 -0.3107388
vn 1 0 0
vn 0 -0.3138728 -0.949465
vn 0.294981 -0.3144047 -0.9022948
vn 0.5589447 -0.3149543 -0.7670624
vn 0.7670624 -0.3149543 -0.5589446
vn 0.9022948 -0.3144048 -0.2949809
vn 0.949465 -0.3138728 0
vn 0 -0.5380354 -0.8429222
vn 0.2617861 -0.5387537 -0.8007575
vn 0.495861 -0.5394951 -0.6804902
vn 0.6804902 -0.5394951 -0.495861
vn 0.8007574 -0.5387538 -0.261786
vn 0.8429222 -0.5380354 0
vn 0 -0.6561787 -0.7546055
vn 0.2342955 -0.6568804 -0.7166684
vn 0.4436682 -0.6576042 -0.6088639
vn 0.6088638 -0.6576043 -0.4436682
vn 0.7166684 -0.6568806 -0.2342954
vn 0.7546055 -0.6561787 0
vn 0 -0.6561787 -0.7546055
vn 0.2342955 -0.6568805 -0.7166685
vn 0.4436682 -0.6576042 -0.6088639
vn 0.6088638 -0.6576043 -0.4436682
vn 0.7166684 -0.6568806 -0.2342954
vn 0.7546055 -0.6561787 0
vn 0 0 -1
vn 0.3107389 0 -0.9504953
vn 0.5889164 0 -0.8081939
vn 0.808194 0 -0.5889164
vn 0.9504953 0 -0.3107389
vn 1 0 0
vn 0 0 1
vn 0.3107389 0 0.9504953
vn 0.5889164 0 0.8081939
vn 0.8081939 0 0.5889164
vn 0.9504954 0 0.3107388
vn 1 0 0
vn 0 -0.3138728 0.949465
vn 0.294981 -0.3144047 0.9022948
vn 0.5589447 -0.3149543 0.7670624
vn 0.7670624 -0.3149543 0.5589446
vn 0.9022948 -0.3144048 0.2949809
vn 0.949465 -0.3138728 0
vn 0 -0.5380354 0.8429222
vn 0.2617861 -0.5387537 0.8007575
vn 0.495861 -0.5394951 0.6804902
vn 0.6804902 -0.5394951 0.495861
vn 0.8007574 -0.5387538 0.261786
vn 0.8429222 -0.5380354 0
vn 0 -0.6561787 0.7546055
vn 0.2342955 -0.6568804 0.7166684
vn 0.4436682 -0.6576042 0.6088639
vn 0.6088638 -0.6576043 0.4436682
vn 0.7166684 -0.6568806 0.2342954
vn 0.7546055 -0.6561787 0
vn 0 -0.6561787 0.7546055
vn 0.2342955 -0.6568805 0.7166685
vn 0.4436682 -0.6576042 0.6088639
vn 0.6088638 -0.6576043 0.4436682
vn 0.7166684 -0.6568806 0.2342954
vn 0.7546055 -0.6561787 0
vn 0 0 1
vn 0.3107389 0 0.9504953
vn 0.5889164 0 0.8081939
vn 0.808194 0 0.5889164
vn 0.9504953 0 0.3107389
vn 1 0 0
vn -1 0 0
vn -0.9504953 0 0.3107389
vn -0.8081939 0 0.5889164
vn -0.5889164 0 0.8081939
vn -0.3107388 0 0.9504954
vn 0 0 1
vn -0.949465 -0.3138728 0
vn -0.9022948 -0.3144047 0.294981
vn -0.7670624 -0.3149543 0.5589447
vn -0.5589446 -0.3149543 0.7670624
vn -0.2949809 -0.3144048 0.9022948
vn 0 -0.3138728 0.949465
vn -0.8429222 -0.5380354 0
vn -0.8007575 -0.5387537 0.2617861
vn -0.6804902 -0.5394951 0.495861
vn -0.495861 -0.5394951 0.6804902
vn -0.261786 -0.5387538 0.8007574
vn 0 -0.5380354 0.8429222
vn -0.7546055 -0.6561787 0
vn -0.7166684 -0.6568804 0.2342955
vn -0.6088639 -0.6576042 0.4436682
vn -0.4436682 -0.6576043 0.6088638
vn -0.2342954 -0.6568806 0.7166684
vn 0 -0.6561787 0.7546055
vn -0.7546055 -0.6561787 0
vn -0.7166685 -0.6568805 0.2342955
vn -0.6088639 -0.6576042 0.4436682
vn -0.4436682 -0.6576043 0.6088638
vn -0.2342954 -0.6568806 0.7166684
vn 0 -0.6561787 0.7546055
vn -1 0 0
vn -0.9504953 0 0.3107389
vn -0.8081939 0 0.5889164
vn -0.5889164 0 0.808194
vn -0.3107389 0 0.9504953
vn 0 0 1

vt 0.125 1
vt 0.1484375 1
vt 0.171875 1
vt 0.1953125 1
vt 0.21875 1
vt 0.2421875 1
vt 0.125 0.9351429
vt 0.1484375 0.9348556
vt 0.171875 0.9340794
vt 0.1953125 0.9329388
vt 0.21875 0.931736
vt 0.2421875 0.9311429
vt 0.125 0.8811429
vt 0.1484375 0.8805888
vt 0.171875 0.8790919
vt 0.1953125 0.8768921
vt 0.21875 0.8745725
vt 0.2421875 0.8734286
vt 0.125 0.8345714
vt 0.1484375 0.8338943
vt 0.171875 0.8320647
vt 0.1953125 0.829376
vt 0.21875 0.826541
vt 0.2421875 0.8251429
vt 0.125 0.792
vt 0.1484375 0.7914665
vt 0.171875 0.790025
vt 0.1953125 0.7879066
vt 0.21875 0.785673
vt 0.2421875 0.7845714
vt 0.125 0.75
vt 0.1484375 0.75
vt 0.171875 0.75
vt 0.1953125 0.75
vt 0.21875 0.75
vt 0.2421875 0.75
vt 0.125 1
vt 0.1015625 1
vt 0.078125 1
vt 0.0546875 1
vt 0.03125 1
vt 0.0078125 1
vt 0.125 0.9351429
vt 0.1015625 0.9348556
vt 0.078125 0.9340794
vt 0.0546875 0.9329388
vt 0.03125 0.931736
vt 0.0078125 0.9311429
vt 0.125 0.8811429
vt 0.1015625 0.8805888
vt 0.078125 0.8790919
vt 0.0546875 0.8768921
vt 0.03125 0.8745725
vt 0.0078125 0.8734286
vt 0.125 0.8345714
vt 0.1015625 0.8338943
vt 0.078125 0.8320647
vt 0.0546875 0.829376
vt 0.03125 0.826541
vt 0.0078125 0.8251429
vt 0.125 0.792
vt 0.1015625 0.7914665
vt 0.078125 0.790025
vt 0.0546875 0.7879066
vt 0.03125 0.785673
vt 0.0078125 0.7845714
vt 0.125 0.75
vt 0.1015625 0.75
vt 0.078125 0.75
vt 0.0546875 0.75
vt 0.03125 0.75
vt 0.0078125 0.75
vt 0.125 0.75
vt 0.1484375 0.75
vt 0.171875 0.75
vt 0.1953125 0.75
vt 0.21875 0.75
vt 0.2421875 0.75
vt 0.125 0.7098101
vt 0.1484375 0.7103259
vt 0.171875 0.7117105
vt 0.1953125 0.7137088
vt 0.21875 0.7157533
vt 0.2421875 0.7167346
vt 0.125 0.6673616
vt 0.1484375 0.6678716
vt 0.171875 0.669228
vt 0.1953125 0.6711592
vt 0.21875 0.6731107
vt 0.2421875 0.6740404
vt 0.125 0.6217579
vt 0.1484375 0.6220043
vt 0.171875 0.6226403
vt 0.1953125 0.6235054
vt 0.21875 0.6243414
vt 0.2421875 0.6247288
vt 0.125 0.5721028
vt 0.1484375 0.5720913
vt 0.171875 0.5720351
vt 0.1953125 0.571901
vt 0.21875 0.5717148
vt 0.2421875 0.5716115
vt 0.125 0.5175
vt 0.1484375 0.5175
vt 0.171875 0.5175
vt 0.1953125 0.5175
vt 0.21875 0.5175
vt 0.2421875 0.5175
vt 0.125 0.75
vt 0.1015625 0.75
vt 0.078125 0.75
vt 0.0546875 0.75
vt 0.03125 0.75
vt 0.0078125 0.75
vt 0.125 0.7098101
vt 0.1015625 0.7103259
vt 0.078125 0.7117105
vt 0.0546875 0.7137088
vt 0.03125 0.7157533
vt 0.0078125 0.7167346
vt 0.125 0.6673616
vt 0.1015625 0.6678716
vt 0.078125 0.669228
vt 0.0546875 0.6711592
vt 0.03125 0.6731107
vt 0.0078125 0.6740404
vt 0.125 0.6217579
vt 0.1015625 0.6220043
vt 0.078125 0.6226403
vt 0.0546875 0.6235054
vt 0.03125 0.6243414
vt 0.0078125 0.6247288
vt 0.125 0.5721028
vt 0.1015625 0.5720913
vt 0.078125 0.5720351
vt 0.0546875 0.571901
vt 0.03125 0.5717148
vt 0.0078125 0.5716115
vt 0.125 0.5175
vt 0.1015625 0.5175
vt 0.078125 0.5175
vt 0.0546875 0.5175
vt 0.03125 0.5175
vt 0.0078125 0.5175
vt 0.75 1
vt 0.775 1
vt 0.8 1
vt 0.825 1
vt 0.85 1
vt 0.875 1
vt 0.75 0.984221
vt 0.775 0.9837738
vt 0.8 0.982859
vt 0.825 0.98217
vt 0.85 0.981878
vt 0.875 0.9817806
vt 0.75 0.9696105
vt 0.775 0.9692232
vt 0.8 0.968442
vt 0.825 0.9678196
vt 0.85 0.9675143
vt 0.875 0.9674113
vt 0.75 0.9553895
vt 0.775 0.9552856
vt 0.8 0.9550955
vt 0.825 0.9548843
vt 0.85 0.9547116
vt 0.875 0.9546517
vt 0.75 0.940779
vt 0.775 0.9408987
vt 0.8 0.9411659
vt 0.825 0.9412993
vt 0.85 0.9412726
vt 0.875 0.9412614
vt 0.75 0.925
vt 0.775 0.925
vt 0.8 0.925
vt 0.825 0.925
vt 0.85 0.925
vt 0.875 0.925
vt 1 1
vt 0.975 1
vt 0.95 1
vt 0.925 1
vt 0.9 1
vt 0.875 1
vt 1 0.984221
vt 0.975 0.9837738
vt 0.95 0.982859
vt 0.925 0.98217
vt 0.9 0.981878
vt 0.875 0.9817806
vt 1 0.9696105
vt 0.975 0.9692232
vt 0.95 0.968442
vt 0.925 0.9678196
vt 0.9 0.9675143
vt 0.875 0.9674113
vt 1 0.9553895
vt 0.975 0.9552856
vt 0.95 0.9550955
vt 0.925 0.9548843
vt 0.9 0.9547116
vt 0.875 0.9546517
vt 1 0.940779
vt 0.975 0.9408987
vt 0.95 0.9411659
vt 0.925 0.9412993
vt 0.9 0.9412726
vt 0.875 0.9412614
vt 1 0.925
vt 0.975 0.925
vt 0.95 0.925
vt 0.925 0.925
vt 0.9 0.925
vt 0.875 0.925
vt 0.75 0.925
vt 0.775 0.925
vt 0.8 0.925
vt 0.825 0.925
vt 0.85 0.925
vt 0.875 0.925
vt 0.75 0.8598721
vt 0.775 0.8596469
vt 0.8 0.8588948
vt 0.825 0.8579619
vt 0.85 0.8572381
vt 0.875 0.8569463
vt 0.75 0.7826029
vt 0.775 0.7817422
vt 0.8 0.7800086
vt 0.825 0.7783858
vt 0.85 0.7773009
vt 0.875 0.776903
vt 0.75 0.6967257
vt 0.775 0.695342
vt 0.8 0.693003
vt 0.825 0.6911569
vt 0.85 0.6900728
vt 0.875 0.6897146
vt 0.75 0.605774
vt 0.775 0.6045029
vt 0.8 0.60254
vt 0.825 0.6011604
vt 0.85 0.6004381
vt 0.875 0.6002258
vt 0.75 0.5132812
vt 0.775 0.5132812
vt 0.8 0.5132812
vt 0.825 0.5132812
vt 0.85 0.5132812
vt 0.875 0.5132812
vt 1 0.925
vt 0.975 0.925
vt 0.95 0.925
vt 0.925 0.925
vt 0.9 0.925
vt 0.875 0.925
vt 1 0.8598721
vt 0.975 0.8596469
vt 0.95 0.8588948
vt 0.925 0.8579619
vt 0.9 0.8572381
vt 0.875 0.8569463
vt 1 0.7826029
vt 0.975 0.7817422
vt 0.95 0.7800086
vt 0.925 0.7783858
vt 0.9 0.7773009
vt 0.875 0.776903
vt 1 0.6967257
vt 0.975 0.695342
vt 0.95 0.693003
vt 0.925 0.6911569
vt 0.9 0.6900728
vt 0.875 0.6897146
vt 1 0.605774
vt 0.975 0.6045029
vt 0.95 0.60254
vt 0.925 0.6011604
vt 0.9 0.6004381
vt 0.875 0.6002258
vt 1 0.5132812
vt 0.975 0.5132812
vt 0.95 0.5132812
vt 0.925 0.5132812
vt 0.9 0.5132812
vt 0.875 0.5132812
vt 0.375 0.75
vt 0.375 0.75
vt 0.375 0.75
vt 0.375 0.75
vt 0.375 0.75
vt 0.375 0.6924297
vt 0.3838981 0.6952292
vt 0.3919312 0.7033924
vt 0.3983038 0.7161375
vt 0.4023854 0.7322038
vt 0.4037851 0.75
vt 0.375 0.6361901
vt 0.3925889 0.6417338
vt 0.408465 0.6578786
vt 0.4210607 0.6830699
vt 0.4291331 0.7148222
vt 0.4319049 0.75
vt 0.375 0.5852981
vt 0.400452 0.5933335
vt 0.4234213 0.6167075
vt 0.4416462 0.6531574
vt 0.4533333 0.699096
vt 0.4573509 0.75
vt 0.375 0.5437708
vt 0.4068669 0.5538477
vt 0.4356201 0.5831273
vt 0.4584364 0.6287599
vt 0.4730761 0.6862662
vt 0.4781146 0.75
vt 0.375 0.515625
vt 0.411213 0.5270962
vt 0.4438811 0.5603867
vt 0.4698067 0.6122378
vt 0.4864519 0.6775742
vt 0.4921875 0.75
vt 0.375 0.75
vt 0.375 0.75
vt 0.375 0.75
vt 0.375 0.75
vt 0.375 0.75
vt 0.4037851 0.75
vt 0.4023854 0.7677962
vt 0.3983038 0.7838625
vt 0.3919312 0.7966076
vt 0.383898 0.8047708
vt 0.375 0.8075703
vt 0.4319049 0.75
vt 0.4291331 0.7851778
vt 0.4210607 0.8169301
vt 0.408465 0.8421213
vt 0.3925889 0.8582662
vt 0.375 0.8638099
vt 0.4573509 0.75
vt 0.4533333 0.8009041
vt 0.4416462 0.8468427
vt 0.4234214 0.8832925
vt 0.400452 0.9066665
vt 0.375 0.9147019
vt 0.4781146 0.75
vt 0.4730761 0.8137338
vt 0.4584363 0.8712401
vt 0.4356201 0.9168726
vt 0.4068669 0.9461523
vt 0.375 0.9562292
vt 0.4921875 0.75
vt 0.4864519 0.8224259
vt 0.4698066 0.8877622
vt 0.4438811 0.9396133
vt 0.411213 0.9729038
vt 0.375 0.984375
vt 0.375 0.75
vt 0.375 0.75
vt 0.375 0.75
vt 0.375 0.75
vt 0.375 0.75
vt 0.3462149 0.75
vt 0.3476146 0.7677962
vt 0.3516962 0.7838625
vt 0.3580688 0.7966076
vt 0.366102 0.8047708
vt 0.375 0.8075703
vt 0.3180951 0.75
vt 0.3208669 0.7851778
vt 0.3289393 0.8169301
vt 0.341535 0.8421213
vt 0.3574111 0.8582662
vt 0.375 0.8638099
vt 0.2926491 0.75
vt 0.2966667 0.8009041
vt 0.3083538 0.8468427
vt 0.3265786 0.8832925
vt 0.349548 0.9066665
vt 0.375 0.9147019
vt 0.2718854 0.75
vt 0.2769239 0.8137338
vt 0.2915637 0.8712401
vt 0.3143799 0.9168726
vt 0.3431331 0.9461523
vt 0.375 0.9562292
vt 0.2578125 0.75
vt 0.2635481 0.8224259
vt 0.2801934 0.8877622
vt 0.3061189 0.9396133
vt 0.338787 0.9729038
vt 0.375 0.984375
vt 0.375 0.75
vt 0.375 0.75
vt 0.375 0.75
vt 0.375 0.75
vt 0.375 0.75
vt 0.375 0.6924297
vt 0.3661019 0.6952292
vt 0.3580688 0.7033924
vt 0.3516962 0.7161375
vt 0.3476146 0.7322038
vt 0.3462149 0.75
vt 0.375 0.6361901
vt 0.3574111 0.6417338
vt 0.341535 0.6578786
vt 0.3289393 0.6830699
vt 0.3208669 0.7148222
vt 0.3180951 0.75
vt 0.375 0.5852981
vt 0.349548 0.5933335
vt 0.3265787 0.6167075
vt 0.3083538 0.6531574
vt 0.2966667 0.699096
vt 0.2926491 0.75
vt 0.375 0.5437708
vt 0.3431331 0.5538477
vt 0.3143799 0.5831273
vt 0.2915636 0.6287599
vt 0.2769239 0.6862662
vt 0.2718854 0.75
vt 0.375 0.515625
vt 0.338787 0.5270962
vt 0.3061189 0.5603867
vt 0.2801933 0.6122378
vt 0.2635481 0.6775742
vt 0.2578125 0.75
vt 0.625 0.7139423
vt 0.6305712 0.7157071
vt 0.6355971 0.7208287
vt 0.6395857 0.7288058
vt 0.6421465 0.7388576
vt 0.6430289 0.75
vt 0.625 0.6804945
vt 0.6357386 0.6838998
vt 0.645425 0.6937747
vt 0.6531126 0.7091499
vt 0.6580501 0.7285228
vt 0.6597527 0.75
vt 0.625 0.6348718
vt 0.6427888 0.6405034
vt 0.6588373 0.6568539
vt 0.6715731 0.6823254
vt 0.6797483 0.7144224
vt 0.6825641 0.75
vt 0.625 0.5861413
vt 0.6503195 0.5941496
vt 0.673164 0.6174158
vt 0.6912921 0.653672
vt 0.7029252 0.6993611
vt 0.7069293 0.75
vt 0.625 0.54337
vt 0.6569282 0.55347
vt 0.6857352 0.5828103
vt 0.7085949 0.6285295
vt 0.7232651 0.6861435
vt 0.728315 0.75
vt 0.625 0.515625
vt 0.6612129 0.5270962
vt 0.6938811 0.5603867
vt 0.7198067 0.6122378
vt 0.7364519 0.6775742
vt 0.7421875 0.75
vt 0.6430289 0.75
vt 0.6421465 0.7611424
vt 0.6395856 0.7711942
vt 0.6355971 0.7791713
vt 0.6305712 0.7842929
vt 0.625 0.7860577
vt 0.6597527 0.75
vt 0.6580501 0.7714773
vt 0.6531126 0.7908501
vt 0.6454251 0.8062253
vt 0.6357386 0.8161002
vt 0.625 0.8195055
vt 0.6825641 0.75
vt 0.6797483 0.7855777
vt 0.671573 0.8176746
vt 0.6588373 0.8431461
vt 0.6427888 0.8594966
vt 0.625 0.8651282
vt 0.7069293 0.75
vt 0.7029252 0.8006389
vt 0.691292 0.8463281
vt 0.673164 0.8825841
vt 0.6503195 0.9058504
vt 0.625 0.9138587
vt 0.728315 0.75
vt 0.723265 0.8138565
vt 0.7085949 0.8714705
vt 0.6857352 0.9171897
vt 0.6569282 0.94653
vt 0.625 0.95663
vt 0.7421875 0.75
vt 0.7364519 0.8224259
vt 0.7198067 0.8877622
vt 0.6938811 0.9396133
vt 0.6612129 0.9729038
vt 0.625 0.984375
vt 0.6069711 0.75
vt 0.6078535 0.7611424
vt 0.6104144 0.7711942
vt 0.6144029 0.7791713
vt 0.6194288 0.7842929
vt 0.625 0.7860577
vt 0.5902473 0.75
vt 0.5919499 0.7714773
vt 0.5968874 0.7908501
vt 0.6045749 0.8062253
vt 0.6142614 0.8161002
vt 0.625 0.8195055
vt 0.5674359 0.75
vt 0.5702517 0.7855777
vt 0.578427 0.8176746
vt 0.5911627 0.8431461
vt 0.6072112 0.8594966
vt 0.625 0.8651282
vt 0.5430707 0.75
vt 0.5470748 0.8006389
vt 0.558708 0.8463281
vt 0.576836 0.8825841
vt 0.5996805 0.9058504
vt 0.625 0.9138587
vt 0.521685 0.75
vt 0.526735 0.8138565
vt 0.5414051 0.8714705
vt 0.5642648 0.9171897
vt 0.5930718 0.94653
vt 0.625 0.95663
vt 0.5078125 0.75
vt 0.5135481 0.8224259
vt 0.5301933 0.8877622
vt 0.5561189 0.9396133
vt 0.5887871 0.9729038
vt 0.625 0.984375
vt 0.625 0.7139423
vt 0.6194288 0.7157071
vt 0.6144029 0.7208287
vt 0.6104143 0.7288058
vt 0.6078535 0.7388576
vt 0.6069711 0.75
vt 0.625 0.6804945
vt 0.6142614 0.6838998
vt 0.604575 0.6937747
vt 0.5968874 0.7091499
vt 0.5919499 0.7285228
vt 0.5902473 0.75
vt 0.625 0.6348718
vt 0.6072112 0.6405034
vt 0.5911627 0.6568539
vt 0.5784269 0.6823254
vt 0.5702517 0.7144224
vt 0.5674359 0.75
vt 0.625 0.5861413
vt 0.5996805 0.5941496
vt 0.576836 0.6174158
vt 0.5587079 0.653672
vt 0.5470748 0.6993611
vt 0.5430707 0.75
vt 0.625 0.54337
vt 0.5930718 0.55347
vt 0.5642648 0.5828103
vt 0.5414051 0.6285295
vt 0.5267349 0.6861435
vt 0.521685 0.75
vt 0.625 0.515625
vt 0.5887871 0.5270962
vt 0.5561189 0.5603867
vt 0.5301933 0.6122378
vt 0.5135481 0.6775742
vt 0.5078125 0.75
vt 0 0.5
vt 0.05 0.5
vt 0.1 0.5
vt 0.15 0.5
vt 0.2 0.5
vt 0.25 0.5
vt 0 0.4908663
vt 0.05 0.490868
vt 0.1 0.4908697
vt 0.15 0.4908698
vt 0.2 0.490868
vt 0.25 0.4908663
vt 0 0.4828331
vt 0.05 0.482834
vt 0.1 0.4828349
vt 0.15 0.4828349
vt 0.2 0.482834
vt 0.25 0.4828331
vt 0 0.4751669
vt 0.05 0.475166
vt 0.1 0.4751651
vt 0.15 0.4751651
vt 0.2 0.475166
vt 0.25 0.4751669
vt 0 0.4671337
vt 0.05 0.467132
vt 0.1 0.4671303
vt 0.15 0.4671302
vt 0.2 0.467132
vt 0.25 0.4671337
vt 0 0.458
vt 0.05 0.458
vt 0.1 0.458
vt 0.15 0.458
vt 0.2 0.458
vt 0.25 0.458
vt 0.25 0.5
vt 0.3 0.5
vt 0.35 0.5
vt 0.4 0.5
vt 0.45 0.5
vt 0.5 0.5
vt 0.25 0.4908663
vt 0.3 0.490868
vt 0.35 0.4908697
vt 0.4 0.4908698
vt 0.45 0.490868
vt 0.5 0.4908663
vt 0.25 0.4828331
vt 0.3 0.482834
vt 0.35 0.4828349
vt 0.4 0.4828349
vt 0.45 0.482834
vt 0.5 0.4828331
vt 0.25 0.4751669
vt 0.3 0.475166
vt 0.35 0.4751651
vt 0.4 0.4751651
vt 0.45 0.475166
vt 0.5 0.4751669
vt 0.25 0.4671337
vt 0.3 0.467132
vt 0.35 0.4671303
vt 0.4 0.4671302
vt 0.45 0.467132
vt 0.5 0.4671337
vt 0.25 0.458
vt 0.3 0.458
vt 0.35 0.458
vt 0.4 0.458
vt 0.45 0.458
vt 0.5 0.458
vt 0.75 0.5
vt 0.7 0.5
vt 0.65 0.5
vt 0.6 0.5
vt 0.55 0.5
vt 0.5 0.5
vt 0.75 0.4908663
vt 0.7 0.490868
vt 0.65 0.4908697
vt 0.6 0.4908698
vt 0.55 0.490868
vt 0.5 0.4908663
vt 0.75 0.4828331
vt 0.7 0.482834
vt 0.65 0.4828349
vt 0.6 0.4828349
vt 0.55 0.482834
vt 0.5 0.4828331
vt 0.75 0.4751669
vt 0.7 0.475166
vt 0.65 0.4751651
vt 0.6 0.4751651
vt 0.55 0.475166
vt 0.5 0.4751669
vt 0.75 0.4671337
vt 0.7 0.467132
vt 0.65 0.4671303
vt 0.6 0.4671302
vt 0.55 0.467132
vt 0.5 0.4671337
vt 0.75 0.458
vt 0.7 0.458
vt 0.65 0.458
vt 0.6 0.458
vt 0.55 0.458
vt 0.5 0.458
vt 1 0.5
vt 0.95 0.5
vt 0.9 0.5
vt 0.85 0.5
vt 0.8 0.5
vt 0.75 0.5
vt 1 0.4908663
vt 0.95 0.490868
vt 0.9 0.4908697
vt 0.85 0.4908698
vt 0.8 0.490868
vt 0.75 0.4908663
vt 1 0.4828331
vt 0.95 0.482834
vt 0.9 0.4828349
vt 0.85 0.4828349
vt 0.8 0.482834
vt 0.75 0.4828331
vt 1 0.4751669
vt 0.95 0.475166
vt 0.9 0.4751651
vt 0.85 0.4751651
vt 0.8 0.475166
vt 0.75 0.4751669
vt 1 0.4671337
vt 0.95 0.467132
vt 0.9 0.4671303
vt 0.85 0.4671302
vt 0.8 0.467132
vt 0.75 0.4671337
vt 1 0.458
vt 0.95 0.458
vt 0.9 0.458
vt 0.85 0.458
vt 0.8 0.458
vt 0.75 0.458
vt 0 0.458
vt 0.05 0.458
vt 0.1 0.458
vt 0.15 0.458
vt 0.2 0.458
vt 0.25 0.458
vt 0 0.4177078
vt 0.05 0.4177054
vt 0.1 0.417703
vt 0.15 0.417703
vt 0.2 0.4177054
vt 0.25 0.4177078
vt 0 0.3780387
vt 0.05 0.3780345
vt 0.1 0.3780302
vt 0.15 0.3780302
vt 0.2 0.3780345
vt 0.25 0.3780387
vt 0 0.3396156
vt 0.05 0.3396108
vt 0.1 0.3396059
vt 0.15 0.3396059
vt 0.2 0.3396108
vt 0.25 0.3396156
vt 0 0.3030617
vt 0.05 0.3030581
vt 0.1 0.3030545
vt 0.15 0.3030545
vt 0.2 0.3030581
vt 0.25 0.3030617
vt 0 0.269
vt 0.05 0.269
vt 0.1 0.269
vt 0.15 0.269
vt 0.2 0.269
vt 0.25 0.269
vt 0.25 0.458
vt 0.3 0.458
vt 0.35 0.458
vt 0.4 0.458
vt 0.45 0.458
vt 0.5 0.458
vt 0.25 0.4177078
vt 0.3 0.4177054
vt 0.35 0.417703
vt 0.4 0.417703
vt 0.45 0.4177054
vt 0.5 0.4177078
vt 0.25 0.3780387
vt 0.3 0.3780345
vt 0.35 0.3780302
vt 0.4 0.3780302
vt 0.45 0.3780345
vt 0.5 0.3780387
vt 0.25 0.3396156
vt 0.3 0.3396108
vt 0.35 0.3396059
vt 0.4 0.3396059
vt 0.45 0.3396108
vt 0.5 0.3396156
vt 0.25 0.3030617
vt 0.3 0.3030581
vt 0.35 0.3030545
vt 0.4 0.3030545
vt 0.45 0.3030581
vt 0.5 0.3030617
vt 0.25 0.269
vt 0.3 0.269
vt 0.35 0.269
vt 0.4 0.269
vt 0.45 0.269
vt 0.5 0.269
vt 0.75 0.458
vt 0.7 0.458
vt 0.65 0.458
vt 0.6 0.458
vt 0.55 0.458
vt 0.5 0.458
vt 0.75 0.4177078
vt 0.7 0.4177054
vt 0.65 0.417703
vt 0.6 0.417703
vt 0.55 0.4177054
vt 0.5 0.4177078
vt 0.75 0.3780387
vt 0.7 0.3780345
vt 0.65 0.3780302
vt 0.6 0.3780302
vt 0.55 0.3780345
vt 0.5 0.3780387
vt 0.75 0.3396156
vt 0.7 0.3396108
vt 0.65 0.3396059
vt 0.6 0.3396059
vt 0.55 0.3396108
vt 0.5 0.3396156
vt 0.75 0.3030617
vt 0.7 0.3030581
vt 0.65 0.3030545
vt 0.6 0.3030545
vt 0.55 0.3030581
vt 0.5 0.3030617
vt 0.75 0.269
vt 0.7 0.269
vt 0.65 0.269
vt 0.6 0.269
vt 0.55 0.269
vt 0.5 0.269
vt 1 0.458
vt 0.95 0.458
vt 0.9 0.458
vt 0.85 0.458
vt 0.8 0.458
vt 0.75 0.458
vt 1 0.4177078
vt 0.95 0.4177054
vt 0.9 0.417703
vt 0.85 0.417703
vt 0.8 0.4177054
vt 0.75 0.4177078
vt 1 0.3780387
vt 0.95 0.3780345
vt 0.9 0.3780302
vt 0.85 0.3780302
vt 0.8 0.3780345
vt 0.75 0.3780387
vt 1 0.3396156
vt 0.95 0.3396108
vt 0.9 0.3396059
vt 0.85 0.3396059
vt 0.8 0.3396108
vt 0.75 0.3396156
vt 1 0.3030617
vt 0.95 0.3030581
vt 0.9 0.3030545
vt 0.85 0.3030545
vt 0.8 0.3030581
vt 0.75 0.3030617
vt 1 0.269
vt 0.95 0.269
vt 0.9 0.269
vt 0.85 0.269
vt 0.8 0.269
vt 0.75 0.269
vt 0 0.269
vt 0.05 0.269
vt 0.1 0.269
vt 0.15 0.269
vt 0.2 0.269
vt 0.25 0.269
vt 0 0.236146
vt 0.05 0.2361591
vt 0.1 0.2361722
vt 0.15 0.2361722
vt 0.2 0.2361591
vt 0.25 0.236146
vt 0 0.2057437
vt 0.05 0.2057573
vt 0.1 0.205771
vt 0.15 0.205771
vt 0.2 0.2057573
vt 0.25 0.2057437
vt 0 0.1798683
vt 0.05 0.179876
vt 0.1 0.1798837
vt 0.15 0.1798837
vt 0.2 0.179876
vt 0.25 0.1798683
vt 0 0.1605953
vt 0.05 0.1605964
vt 0.1 0.1605976
vt 0.15 0.1605976
vt 0.2 0.1605964
vt 0.25 0.1605953
vt 0 0.15
vt 0.05 0.15
vt 0.1 0.15
vt 0.15 0.15
vt 0.2 0.15
vt 0.25 0.15
vt 0.25 0.269
vt 0.3 0.269
vt 0.35 0.269
vt 0.4 0.269
vt 0.45 0.269
vt 0.5 0.269
vt 0.25 0.236146
vt 0.3 0.2361591
vt 0.35 0.2361722
vt 0.4 0.2361722
vt 0.45 0.2361591
vt 0.5 0.236146
vt 0.25 0.2057437
vt 0.3 0.2057573
vt 0.35 0.205771
vt 0.4 0.205771
vt 0.45 0.2057573
vt 0.5 0.2057437
vt 0.25 0.1798683
vt 0.3 0.179876
vt 0.35 0.1798837
vt 0.4 0.1798837
vt 0.45 0.179876
vt 0.5 0.1798683
vt 0.25 0.1605953
vt 0.3 0.1605964
vt 0.35 0.1605976
vt 0.4 0.1605976
vt 0.45 0.1605964
vt 0.5 0.1605953
vt 0.25 0.15
vt 0.3 0.15
vt 0.35 0.15
vt 0.4 0.15
vt 0.45 0.15
vt 0.5 0.15
vt 0.75 0.269
vt 0.7 0.269
vt 0.65 0.269
vt 0.6 0.269
vt 0.55 0.269
vt 0.5 0.269
vt 0.75 0.236146
vt 0.7 0.2361591
vt 0.65 0.2361722
vt 0.6 0.2361722
vt 0.55 0.2361591
vt 0.5 0.236146
vt 0.75 0.2057437
vt 0.7 0.2057573
vt 0.65 0.205771
vt 0.6 0.205771
vt 0.55 0.2057573
vt 0.5 0.2057437
vt 0.75 0.1798683
vt 0.7 0.179876
vt 0.65 0.1798837
vt 0.6 0.1798837
vt 0.55 0.179876
vt 0.5 0.1798683
vt 0.75 0.1605953
vt 0.7 0.1605964
vt 0.65 0.1605976
vt 0.6 0.1605976
vt 0.55 0.1605964
vt 0.5 0.1605953
vt 0.75 0.15
vt 0.7 0.15
vt 0.65 0.15
vt 0.6 0.15
vt 0.55 0.15
vt 0.5 0.15
vt 1 0.269
vt 0.95 0.269
vt 0.9 0.269
vt 0.85 0.269
vt 0.8 0.269
vt 0.75 0.269
vt 1 0.236146
vt 0.95 0.2361591
vt 0.9 0.2361722
vt 0.85 0.2361722
vt 0.8 0.2361591
vt 0.75 0.236146
vt 1 0.2057437
vt 0.95 0.2057573
vt 0.9 0.205771
vt 0.85 0.205771
vt 0.8 0.2057573
vt 0.75 0.2057437
vt 1 0.1798683
vt 0.95 0.179876
vt 0.9 0.1798837
vt 0.85 0.1798837
vt 0.8 0.179876
vt 0.75 0.1798683
vt 1 0.1605953
vt 0.95 0.1605964
vt 0.9 0.1605976
vt 0.85 0.1605976
vt 0.8 0.1605964
vt 0.75 0.1605953
vt 1 0.15
vt 0.95 0.15
vt 0.9 0.15
vt 0.85 0.15
vt 0.8 0.15
vt 0.75 0.15

f 2/2/2 7/7/7 1/1/1
f 7/7/7 2/2/2 8/8/8
f 3/3/3 8/8/8 2/2/2
f 8/8/8 3/3/3 9/9/9
f 4/4/4 9/9/9 3/3/3
f 9/9/9 4/4/4 10/10/10
f 5/5/5 10/10/10 4/4/4
f 10/10/10 5/5/5 11/11/11
f 6/6/6 11/11/11 5/5/5
f 11/11/11 6/6/6 12/12/12
f 8/8/8 13/13/13 7/7/7
f 13/13/13 8/8/8 14/14/14
f 9/9/9 14/14/14 8/8/8
f 14/14/14 9/9/9 15/15/15
f 10/10/10 15/15/15 9/9/9
f 15/15/15 10/10/10 16/16/16
f 11/11/11 16/16/16 10/10/10
f 16/16/16 11/11/11 17/17/17
f 12/12/12 17/17/17 11/11/11
f 17/17/17 12/12/12 18/18/18
f 14/14/14 19/19/19 13/13/13
f 19/19/19 14/14/14 20/20/20
f 15/15/15 20/20/20 14/14/14
f 20/20/20 15/15/15 21/21/21
f 16/16/16 21/21/21 15/15/15
f 21/21/21 16/16/16 22/22/22
f 17/17/17 22/22/22 16/16/16
f 22/22/22 17/17/17 23/23/23
f 18/18/18 23/23/23 17/17/17
f 23/23/23 18/18/18 24/24/24
f 20/20/20 25/25/25 19/19/19
f 25/25/25 20/20/20 26/26/26
f 21/21/21 26/26/26 20/20/20
f 26/26/26 21/21/21 27/27/27
f 22/22/22 27/27/27 21/21/21
f 27/27/27 22/22/22 28/28/28
f 23/23/23 28/28/28 22/22/22
f 28/28/28 23/23/23 29/29/29
f 24/24/24 29/29/29 23/23/23
f 29/29/29 24/24/24 30/30/30
f 26/26/26 31/31/31 25/25/25
f 31/31/31 26/26/26 32/32/32
f 27/27/27 32/32/32 26/26/26
f 32/32/32 27/27/27 33/33/33
f 28/28/28 33/33/33 27/27/27
f 33/33/33 28/28/28 34/34/34
f 29/29/29 34/34/34 28/28/28
f 34/34/34 29/29/29 35/35/35
f 30/30/30 35/35/35 29/29/29
f 35/35/35 30/30/30 36/36/36
f 43/43/43 38/38/38 37/37/37
f 38/38/38 43/43/43 44/44/44
f 44/44/44 39/39/39 38/38/38
f 39/39/39 44/44/44 45/45/45
f 45/45/45 40/40/40 39/39/39
f 40/40/40 45/45/45 46/46/46
f 46/46/46 41/41/41 40/40/40
f 41/41/41 46/46/46 47/47/47
f 47/47/47 42/42/42 41/41/41
f 42/42/42 47/47/47 48/48/48
f 49/49/49 44/44/44 43/43/43
f 44/44/44 49/49/49 50/50/50
f 50/50/50 45/45/45 44/44/44
f 45/45/45 50/50/50 51/51/51
f 51/51/51 46/46/46 45/45/45
f 46/46/46 51/51/51 52/52/52
f 52/52/52 47/47/47 46/46/46
f 47/47/47 52/52/52 53/53/53
f 53/53/53 48/48/48 47/47/47
f 48/48/48 53/53/53 54/54/54
f 55/55/55 50/50/50 49/49/49
f 50/50/50 55/55/55 56/56/56
f 56/56/56 51/51/51 50/50/50
f 51/51/51 56/56/56 57/57/57
f 57/57/57 52/52/52 51/51/51
f 52/52/52 57/57/57 58/58/58
f 58/58/58 53/53/53 52/52/52
f 53/53/53 58/58/58 59/59/59
f 59/59/59 54/54/54 53/53/53
f 54/54/54 59/59/59 60/60/60
f 61/61/61 56/56/56 55/55/55
f 56/56/56 61/61/61 62/62/62
f 62/62/62 57/57/57 56/56/56
f 57/57/57 62/62/62 63/63/63
f 63/63/63 58/58/58 57/57/57
f 58/58/58 63/63/63 64/64/64
f 64/64/64 59/59/59 58/58/58
f 59/59/59 64/64/64 65/65/65
f 65/65/65 60/60/60 59/59/59
f 60/60/60 65/65/65 66/66/66
f 67/67/67 62/62/62 61/61/61
f 62/62/62 67/67/67 68/68/68
f 68/68/68 63/63/63 62/62/62
f 63/63/63 68/68/68 69/69/69
f 69/69/69 64/64/64 63/63/63
f 64/64/64 69/69/69 70/70/70
f 70/70/70 65/65/65 64/64/64
f 65/65/65 70/70/70 71/71/71
f 71/71/71 66/66/66 65/65/65
f 66/66/66 71/71/71 72/72/72
f 74/74/74 79/79/79 73/73/73
f 79/79/79 74/74/74 80/80/80
f 75/75/75 80/80/80 74/74/74
f 80/80/80 75/75/75 81/81/81
f 76/76/76 81/81/81 75/75/75
f 81/81/81 76/76/76 82/82/82
f 77/77/77 82/82/82 76/76/76
f 82/82/82 77/77/77 83/83/83
f 78/78/78 83/83/83 77/77/77
f 83/83/83 78/78/78 84/84/84
f 80/80/80 85/85/85 79/79/79
f 85/85/85 80/80/80 86/86/86
f 81/81/81 86/86/86 80/80/80
f 86/86/86 81/81/81 87/87/87
f 82/82/82 87/87/87 81/81/81
f 87/87/87 82/82/82 88/88/88
f 83/83/83 88/88/88 82/82/82
f 88/88/88 83/83/83 89/89/89
f 84/84/84 89/89/89 83/83/83
f 89/89/89 84/84/84 90/90/90
f 86/86/86 91/91/91 85/85/85
f 91/91/91 86/86/86 92/92/92
f 87/87/87 92/92/92 86/86/86
f 92/92/92 87/87/87 93/93/93
f 88/88/88 93/93/93 87/87/87
f 93/93/93 88/88/88 94/94/94
f 89/89/89 94/94/94 88/88/88
f 94/94/94 89/89/89 95/95/95
f 90/90/90 95/95/95 89/89/89
f 95/95/95 90/90/90 96/96/96
f 92/92/92 97/97/97 91/91/91
f 97/97/97 92/92/92 98/98/98
f 93/93/93 98/98/98 92/92/92
f 98/98/98 93/93/93 99/99/99
f 94/94/94 99/99/99 93/93/93
f 99/99/99 94/94/94 100/100/100
f 95/95/95 100/100/100 94/94/94
f 100/100/100 95/95/95 101/101/101
f 96/96/96 101/101/101 95/95/95
f 101/101/101 96/96/96 102/102/102
f 98/98/98 103/103/103 97/97/97
f 103/103/103 98/98/98 104/104/104
f 99/99/99 104/104/104 98/98/98
f 104/104/104 99/99/99 105/105/105
f 100/100/100 105/105/105 99/99/99
f 105/105/105 100/100/100 106/106/106
f 101/101/101 106/106/106 100/100/100
f 106/106/106 101/101/101 107/107/107
f 102/102/102 107/107/107 101/101/101
f 107/107/107 102/102/102 108/108/108
f 115/115/115 110/110/110 109/109/109
f 110/110/110 115/115/115 116/116/116
f 116/116/116 111/111/111 110/110/110
f 111/111/111 116/116/116 117/117/117
f 117/117/117 112/112/112 111/111/111
f 112/112/112 117/117/117 118/118/118
f 118/118/118 113/113/113 112/112/112
f 113/113/113 118/118/118 119/119/119
f 119/119/119 114/114/114 113/113/113
f 114/114/114 119/119/119 120/120/120
f 121/121/121 116/116/116 115/115/115
f 116/116/116 121/121/121 122/122/122
f 122/122/122 117/117/117 116/116/116
f 117/117/117 122/122/122 123/123/123
f 123/123/123 118/118/118 117/117/117
f 118/118/118 123/123/123 124/124/124
f 124/124/124 119/119/119 118/118/118
f 119/119/119 124/124/124 125/125/125
f 125/125/125 120/120/120 119/119/119
f 120/120/120 125/125/125 126/126/126
f 127/127/127 122/122/122 121/121/121
f 122/122/122 127/127/127 128/128/128
f 128/128/128 123/123/123 122/122/122
f 123/123/123 128/128/128 129/129/129
f 129/129/129 124/124/124 123/123/123
f 124/124/124 129/129/129 130/130/130
f 130/130/130 125/125/125 124/124/124
f 125/125/125 130/130/130 131/131/131
f 131/131/131 126/126/126 125/125/125
f 126/126/126 131/131/131 132/132/132
f 133/133/133 128/128/128 127/127/127
f 128/128/128 133/133/133 134/134/134
f 134/134/134 129/129/129 128/128/128
f 129/129/129 134/134/134 135/135/135
f 135/135/135 130/130/130 129/129/129
f 130/130/130 135/135/135 136/136/136
f 136/136/136 131/131/131 130/130/130
f 131/131/131 136/136/136 137/137/137
f 137/137/137 132/132/132 131/131/131
f 132/132/132 137/137/137 138/138/138
f 139/139/139 134/134/134 133/133/133
f 134/134/134 139/139/139 140/140/140
f 140/140/140 135/135/135 134/134/134
f 135/135/135 140/140/140 141/141/141
f 141/141/141 136/136/136 135/135/135
f 136/136/136 141/141/141 142/142/142
f 142/142/142 137/137/137 136/136/136
f 137/137/137 142/142/142 143/143/143
f 143/143/143 138/138/138 137/137/137
f 138/138/138 143/143/143 144/144/144
f 146/146/146 151/151/151 145/145/145
f 151/151/151 146/146/146 152/152/152
f 147/147/147 152/152/152 146/146/146
f 152/152/152 147/147/147 153/153/153
f 148/148/148 153/153/153 147/147/147
f 153/153/153 148/148/148 154/154/154
f 149/149/149 154/154/154 148/148/148
f 154/154/154 149/149/149 155/155/155
f 150/150/150 155/155/155 149/149/149
f 155/155/155 150/150/150 156/156/156
f 152/152/152 157/157/157 151/151/151
f 157/157/157 152/152/152 158/158/158
f 153/153/153 158/158/158 152/152/152
f 158/158/158 153/153/153 159/159/159
f 154/154/154 159/159/159 153/153/153
f 159/159/159 154/154/154 160/160/160
f 155/155/155 160/160/160 154/154/154
f 160/160/160 155/155/155 161/161/161
f 156/156/156 161/161/161 155/155/155
f 161/161/161 156/156/156 162/162/162
f 158/158/158 163/163/163 157/157/157
f 163/163/163 158/158/158 164/164/164
f 159/159/159 164/164/164 158/158/158
f 164/164/164 159/159/159 165/165/165
f 160/160/160 165/165/165 159/159/159
f 165/165/165 160/160/160 166/166/166
f 161/161/161 166/166/166 160/160/160
f 166/166/166 161/161/161 167/167/167
f 162/162/162 167/167/167 161/161/161
f 167/167/167 162/162/162 168/168/168
f 164/164/164 169/169/169 163/163/163
f 169/169/169 164/164/164 170/170/170
f 165/165/165 170/170/170 164/164/164
f 170/170/170 165/165/165 171/171/171
f 166/166/166 171/171/171 165/165/165
f 171/171/171 166/166/166 172/172/172
f 167/167/167 172/172/172 166/166/166
f 172/172/172 167/167/167 173/173/173
f 168/168/168 173/173/173 167/167/167
f 173/173/173 168/168/168 174/174/174
f 170/170/170 175/175/175 169/169/169
f 175/175/175 170/170/170 176/176/176
f 171/171/171 176/176/176 170/170/170
f 176/176/176 171/171/171 177/177/177
f 172/172/172 177/177/177 171/171/171
f 177/177/177 172/172/172 178/178/178
f 173/173/173 178/178/178 172/172/172
f 178/178/178 173/173/173 179/179/179
f 174/174/174 179/179/179 173/173/173
f 179/179/179 174/174/174 180/180/180
f 187/187/187 182/182/182 181/181/181
f 182/182/182 187/187/187 188/188/188
f 188/188/188 183/183/183 182/182/182
f 183/183/183 188/188/188 189/189/189
f 189/189/189 184/184/184 183/183/183
f 184/184/184 189/189/189 190/190/190
f 190/190/190 185/185/185 184/184/184
f 185/185/185 190/190/190 191/191/191
f 191/191/191 186/186/186 185/185/185
f 186/186/186 191/191/191 192/192/192
f 193/193/193 188/188/188 187/187/187
f 188/188/188 193/193/193 194/194/194
f 194/194/194 189/189/189 188/188/188
f 189/189/189 194/194/194 195/195/195
f 195/195/195 190/190/190 189/189/189
f 190/190/190 195/195/195 196/196/196
f 196/196/196 191/191/191 190/190/190
f 191/191/191 196/196/196 197/197/197
f 197/197/197 192/192/192 191/191/191
f 192/192/192 197/197/197 198/198/198
f 199/199/199 194/194/194 193/193/193
f 194/194/194 199/199/199 200/200/200
f 200/200/200 195/195/195 194/194/194
f 195/195/195 200/200/200 201/201/201
f 201/201/201 196/196/196 195/195/195
f 196/196/196 201/201/201 202/202/202
f 202/202/202 197/197/197 196/196/196
f 197/197/197 202/202/202 203/203/203
f 203/203/203 198/198/198 197/197/197
f 198/198/198 203/203/203 204/204/204
f 205/205/205 200/200/200 199/199/199
f 200/200/200 205/205/205 206/206/206
f 206/206/206 201/201/201 200/200/200
f 201/201/201 206/206/206 207/207/207
f 207/207/207 202/202/202 201/201/201
f 202/202/202 207/207/207 208/208/208
f 208/208/208 203/203/203 202/202/202
f 203/203/203 208/208/208 209/209/209
f 209/209/209 204/204/204 203/203/203
f 204/204/204 209/209/209 210/210/210
f 211/211/211 206/206/206 205/205/205
f 206/206/206 211/211/211 212/212/212
f 212/212/212 207/207/207 206/206/206
f 207/207/207 212/212/212 213/213/213
f 213/213/213 208/208/208 207/207/207
f 208/208/208 213/213/213 214/214/214
f 214/214/214 209/209/209 208/208/208
f 209/209/209 214/214/214 215/215/215
f 215/215/215 210/210/210 209/209/209
f 210/210/210 215/215/215 216/216/216
f 218/218/218 223/223/223 217/217/217
f 223/223/223 218/218/218 224/224/224
f 219/219/219 224/224/224 218/218/218
f 224/224/224 219/219/219 225/225/225
f 220/220/220 225/225/225 219/219/219
f 225/225/225 220/220/220 226/226/226
f 221/221/221 226/226/226 220/220/220
f 226/226/226 221/221/221 227/227/227
f 222/222/222 227/227/227 221/221/221
f 227/227/227 222/222/222 228/228/228
f 224/224/224 229/229/229 223/223/223
f 229/229/229 224/224/224 230/230/230
f 225/225/225 230/230/230 224/224/224
f 230/230/230 225/225/225 231/231/231
f 226/226/226 231/231/231 225/225/225
f 231/231/231 226/226/226 232/232/232
f 227/227/227 232/232/232 226/226/226
f 232/232/232 227/227/227 233/233/233
f 228/228/228 233/233/233 227/227/227
f 233/233/233 228/228/228 234/234/234
f 230/230/230 235/235/235 229/229/229
f 235/235/235 230/230/230 236/236/236
f 231/231/231 236/236/236 230/230/230
f 236/236/236 231/231/231 237/237/237
f 232/232/232 237/237/237 231/231/231
f 237/237/237 232/232/232 238/238/238
f 233/233/233 238/238/238 232/232/232
f 238/238/238 233/233/233 239/239/239
f 234/234/234 239/239/239 233/233/233
f 239/239/239 234/234/234 240/240/240
f 236/236/236 241/241/241 235/235/235
f 241/241/241 236/236/236 242/242/242
f 237/237/237 242/242/242 236/236/236
f 242/242/242 237/237/237 243/243/243
f 238/238/238 243/243/243 237/237/237
f 243/243/243 238/238/238 244/244/244
f 239/239/239 244/244/244 238/238/238
f 244/244/244 239/239/239 245/245/245
f 240/240/240 245/245/245 239/239/239
f 245/245/245 240/240/240 246/246/246
f 242/242/242 247/247/247 241/241/241
f 247/247/247 242/242/242 248/248/248
f 243/243/243 248/248/248 242/242/242
f 248/248/248 243/243/243 249/249/249
f 244/244/244 249/249/249 243/243/243
f 249/249/249 244/244/244 250/250/250
f 245/245/245 250/250/250 244/244/244
f 250/250/250 245/245/245 251/251/251
f 246/246/246 251/251/251 245/245/245
f 251/251/251 246/246/246 252/252/252
f 259/259/259 254/254/254 253/253/253
f 254/254/254 259/259/259 260/260/260
f 260/260/260 255/255/255 254/254/254
f 255/255/255 260/260/260 261/261/261
f 261/261/261 256/256/256 255/255/255
f 256/256/256 261/261/261 262/262/262
f 262/262/262 257/257/257 256/256/256
f 257/257/257 262/262/262 263/263/263
f 263/263/263 258/258/258 257/257/257
f 258/258/258 263/263/263 264/264/264
f 265/265/265 260/260/260 259/259/259
f 260/260/260 265/265/265 266/266/266
f 266/266/266 261/261/261 260/260/260
f 261/261/261 266/266/266 267/267/267
f 267/267/267 262/262/262 261/261/261
f 262/262/262 267/267/267 268/268/268
f 268/268/268 263/263/263 262/262/262
f 263/263/263 268/268/268 269/269/269
f 269/269/269 264/264/264 263/263/263
f 264/264/264 269/269/269 270/270/270
f 271/271/271 266/266/266 265/265/265
f 266/266/266 271/271/271 272/272/272
f 272/272/272 267/267/267 266/266/266
f 267/267/267 272/272/272 273/273/273
f 273/273/273 268/268/268 267/267/267
f 268/268/268 273/273/273 274/274/274
f 274/274/274 269/269/269 268/268/268
f 269/269/269 274/274/274 275/275/275
f 275/275/275 270/270/270 269/269/269
f 270/270/270 275/275/275 276/276/276
f 277/277/277 272/272/272 271/271/271
f 272/272/272 277/277/277 278/278/278
f 278/278/278 273/273/273 272/272/272
f 273/273/273 278/278/278 279/279/279
f 279/279/279 274/274/274 273/273/273
f 274/274/274 279/279/279 280/280/280
f 280/280/280 275/275/275 274/274/274
f 275/275/275 280/280/280 281/281/281
f 281/281/281 276/276/276 275/275/275
f 276/276/276 281/281/281 282/282/282
f 283/283/283 278/278/278 277/277/277
f 278/278/278 283/283/283 284/284/284
f 284/284/284 279/279/279 278/278/278
f 279/279/279 284/284/284 285/285/285
f 285/285/285 280/280/280 279/279/279
f 280/280/280 285/285/285 286/286/286
f 286/286/286 281/281/281 280/280/280
f 281/281/281 286/286/286 287/287/287
f 287/287/287 282/282/282 281/281/281
f 282/282/282 287/287/287 288/288/288
f 289/289/289 295/295/295 294/294/294
f 290/290/290 296/296/296 295/295/295
f 291/291/291 297/297/297 296/296/296
f 292/292/292 298/298/298 297/297/297
f 293/293/293 299/299/299 298/298/298
f 295/295/295 300/300/300 294/294/294
f 300/300/300 295/295/295 301/301/301
f 296/296/296 301/301/301 295/295/295
f 301/301/301 296/296/296 302/302/302
f 297/297/297 302/302/302 296/296/296
f 302/302/302 297/297/297 303/303/303
f 298/298/298 303/303/303 297/297/297
f 303/303/303 298/298/298 304/304/304
f 299/299/299 304/304/304 298/298/298
f 304/304/304 299/299/299 305/305/305
f 301/301/301 306/306/306 300/300/300
f 306/306/306 301/301/301 307/307/307
f 302/302/302 307/307/307 301/301/301
f 307/307/307 302/302/302 308/308/308
f 303/303/303 308/308/308 302/302/302
f 308/308/308 303/303/303 309/309/309
f 304/304/304 309/309/309 303/303/303
f 309/309/309 304/304/304 310/310/310
f 305/305/305 310/310/310 304/304/304
f 310/310/310 305/305/305 311/311/311
f 307/307/307 312/312/312 306/306/306
f 312/312/312 307/307/307 313/313/313
f 308/308/308 313/313/313 307/307/307
f 313/313/313 308/308/308 314/314/314
f 309/309/309 314/314/314 308/308/308
f 314/314/314 309/309/309 315/315/315
f 310/310/310 315/315/315 309/309/309
f 315/315/315 310/310/310 316/316/316
f 311/311/311 316/316/316 310/310/310
f 316/316/316 311/311/311 317/317/317
f 313/313/313 318/318/318 312/312/312
f 318/318/318 313/313/313 319/319/319
f 314/314/314 319/319/319 313/313/313
f 319/319/319 314/314/314 320/320/320
f 315/315/315 320/320/320 314/314/314
f 320/320/320 315/315/315 321/321/321
f 316/316/316 321/321/321 315/315/315
f 321/321/321 316/316/316 322/322/322
f 317/317/317 322/322/322 316/316/316
f 322/322/322 317/317/317 323/323/323
f 324/324/324 330/330/330 329/329/329
f 325/325/325 331/331/331 330/330/330
f 326/326/326 332/332/332 331/331/331
f 327/327/327 333/333/333 332/332/332
f 328/328/328 334/334/334 333/333/333
f 330/330/330 335/335/335 329/329/329
f 335/335/335 330/330/330 336/336/336
f 331/331/331 336/336/336 330/330/330
f 336/336/336 331/331/331 337/337/337
f 332/332/332 337/337/337 331/331/331
f 337/337/337 332/332/332 338/338/338
f 333/333/333 338/338/338 332/332/332
f 338/338/338 333/333/333 339/339/339
f 334/334/334 339/339/339 333/333/333
f 339/339/339 334/334/334 340/340/340
f 336/336/336 341/341/341 335/335/335
f 341/341/341 336/336/336 342/342/342
f 337/337/337 342/342/342 336/336/336
f 342/342/342 337/337/337 343/343/343
f 338/338/338 343/343/343 337/337/337
f 343/343/343 338/338/338 344/344/344
f 339/339/339 344/344/344 338/338/338
f 344/344/344 339/339/339 345/345/345
f 340/340/340 345/345/345 339/339/339
f 345/345/345 340/340/340 346/346/346
f 342/342/342 347/347/347 341/341/341
f 347/347/347 342/342/342 348/348/348
f 343/343/343 348/348/348 342/342/342
f 348/348/348 343/343/343 349/349/349
f 344/344/344 349/349/349 343/343/343
f 349/349/349 344/344/344 350/350/350
f 345/345/345 350/350/350 344/344/344
f 350/350/350 345/345/345 351/351/351
f 346/346/346 351/351/351 345/345/345
f 351/351/351 346/346/346 352/352/352
f 348/348/348 353/353/353 347/347/347
f 353/353/353 348/348/348 354/354/354
f 349/349/349 354/354/354 348/348/348
f 354/354/354 349/349/349 355/355/355
f 350/350/350 355/355/355 349/349/349
f 355/355/355 350/350/350 356/356/356
f 351/351/351 356/356/356 350/350/350
f 356/356/356 351/351/351 357/357/357
f 352/352/352 357/357/357 351/351/351
f 357/357/357 352/352/352 358/358/358
f 364/364/364 365/365/365 359/359/359
f 365/365/365 366/366/366 360/360/360
f 366/366/366 367/367/367 361/361/361
f 367/367/367 368/368/368 362/362/362
f 368/368/368 369/369/369 363/363/363
f 370/370/370 365/365/365 364/364/364
f 365/365/365 370/370/370 371/371/371
f 371/371/371 366/366/366 365/365/365
f 366/366/366 371/371/371 372/372/372
f 372/372/372 367/367/367 366/366/366
f 367/367/367 372/372/372 373/373/373
f 373/373/373 368/368/368 367/367/367
f 368/368/368 373/373/373 374/374/374
f 374/374/374 369/369/369 368/368/368
f 369/369/369 374/374/374 375/375/375
f 376/376/376 371/371/371 370/370/370
f 371/371/371 376/376/376 377/377/377
f 377/377/377 372/372/372 371/371/371
f 372/372/372 377/377/377 378/378/378
f 378/378/378 373/373/373 372/372/372
f 373/373/373 378/378/378 379/379/379
f 379/379/379 374/374/374 373/373/373
f 374/374/374 379/379/379 380/380/380
f 380/380/380 375/375/375 374/374/374
f 375/375/375 380/380/380 381/381/381
f 382/382/382 377/377/377 376/376/376
f 377/377/377 382/382/382 383/383/383
f 383/383/383 378/378/378 377/377/377
f 378/378/378 383/383/383 384/384/384
f 384/384/384 379/379/379 378/378/378
f 379/379/379 384/384/384 385/385/385
f 385/385/385 380/380/380 379/379/379
f 380/380/380 385/385/385 386/386/386
f 386/386/386 381/381/381 380/380/380
f 381/381/381 386/386/386 387/387/387
f 388/388/388 383/383/383 382/382/382
f 383/383/383 388/388/388 389/389/389
f 389/389/389 384/384/384 383/383/383
f 384/384/384 389/389/389 390/390/390
f 390/390/390 385/385/385 384/384/384
f 385/385/385 390/390/390 391/391/391
f 391/391/391 386/386/386 385/385/385
f 386/386/386 391/391/391 392/392/392
f 392/392/392 387/387/387 386/386/386
f 387/387/387 392/392/392 393/393/393
f 399/399/399 400/400/400 394/394/394
f 400/400/400 401/401/401 395/395/395
f 401/401/401 402/402/402 396/396/396
f 402/402/402 403/403/403 397/397/397
f 403/403/403 404/404/404 398/398/398
f 405/405/405 400/400/400 399/399/399
f 400/400/400 405/405/405 406/406/406
f 406/406/406 401/401/401 400/400/400
f 401/401/401 406/406/406 407/407/407
f 407/407/407 402/402/402 401/401/401
f 402/402/402 407/407/407 408/408/408
f 408/408/408 403/403/403 402/402/402
f 403/403/403 408/408/408 409/409/409
f 409/409/409 404/404/404 403/403/403
f 404/404/404 409/409/409 410/410/410
f 411/411/411 406/406/406 405/405/405
f 406/406/406 411/411/411 412/412/412
f 412/412/412 407/407/407 406/406/406
f 407/407/407 412/412/412 413/413/413
f 413/413/413 408/408/408 407/407/407
f 408/408/408 413/413/413 414/414/414
f 414/414/414 409/409/409 408/408/408
f 409/409/409 414/414/414 415/415/415
f 415/415/415 410/410/410 409/409/409
f 410/410/410 415/415/415 416/416/416
f 417/417/417 412/412/412 411/411/411
f 412/412/412 417/417/417 418/418/418
f 418/418/418 413/413/413 412/412/412
f 413/413/413 418/418/418 419/419/419
f 419/419/419 414/414/414 413/413/413
f 414/414/414 419/419/419 420/420/420
f 420/420/420 415/415/415 414/414/414
f 415/415/415 420/420/420 421/421/421
f 421/421/421 416/416/416 415/415/415
f 416/416/416 421/421/421 422/422/422
f 423/423/423 418/418/418 417/417/417
f 418/418/418 423/423/423 424/424/424
f 424/424/424 419/419/419 418/418/418
f 419/419/419 424/424/424 425/425/425
f 425/425/425 420/420/420 419/419/419
f 420/420/420 425/425/425 426/426/426
f 426/426/426 421/421/421 420/420/420
f 421/421/421 426/426/426 427/427/427
f 427/427/427 422/422/422 421/421/421
f 422/422/422 427/427/427 428/428/428
f 430/430/430 435/435/435 429/429/429
f 435/435/435 430/430/430 436/436/436
f 431/431/431 436/436/436 430/430/430
f 436/436/436 431/431/431 437/437/437
f 432/432/432 437/437/437 431/431/431
f 437/437/437 432/432/432 438/438/438
f 433/433/433 438/438/438 432/432/432
f 438/438/438 433/433/433 439/439/439
f 434/434/434 439/439/439 433/433/433
f 439/439/439 434/434/434 440/440/440
f 436/436/436 441/441/441 435/435/435
f 441/441/441 436/436/436 442/442/442
f 437/437/437 442/442/442 436/436/436
f 442/442/442 437/437/437 443/443/443
f 438/438/438 443/443/443 437/437/437
f 443/443/443 438/438/438 444/444/444
f 439/439/439 444/444/444 438/438/438
f 444/444/444 439/439/439 445/445/445
f 440/440/440 445/445/445 439/439/439
f 445/445/445 440/440/440 446/446/446
f 442/442/442 447/447/447 441/441/441
f 447/447/447 442/442/442 448/448/448
f 443/443/443 448/448/448 442/442/442
f 448/448/448 443/443/443 449/449/449
f 444/444/444 449/449/449 443/443/443
f 449/449/449 444/444/444 450/450/450
f 445/445/445 450/450/450 444/444/444
f 450/450/450 445/445/445 451/451/451
f 446/446/446 451/451/451 445/445/445
f 451/451/451 446/446/446 452/452/452
f 448/448/448 453/453/453 447/447/447
f 453/453/453 448/448/448 454/454/454
f 449/449/449 454/454/454 448/448/448
f 454/454/454 449/449/449 455/455/455
f 450/450/450 455/455/455 449/449/449
f 455/455/455 450/450/450 456/456/456
f 451/451/451 456/456/456 450/450/450
f 456/456/456 451/451/451 457/457/457
f 452/452/452 457/457/457 451/451/451
f 457/457/457 452/452/452 458/458/458
f 454/454/454 459/459/459 453/453/453
f 459/459/459 454/454/454 460/460/460
f 455/455/455 460/460/460 454/454/454
f 460/460/460 455/455/455 461/461/461
f 456/456/456 461/461/461 455/455/455
f 461/461/461 456/456/456 462/462/462
f 457/457/457 462/462/462 456/456/456
f 462/462/462 457/457/457 463/463/463
f 458/458/458 463/463/463 457/457/457
f 463/463/463 458/458/458 464/464/464
f 466/466/466 471/471/471 465/465/465
f 471/471/471 466/466/466 472/472/472
f 467/467/467 472/472/472 466/466/466
f 472/472/472 467/467/467 473/473/473
f 468/468/468 473/473/473 467/467/467
f 473/473/473 468/468/468 474/474/474
f 469/469/469 474/474/474 468/468/468
f 474/474/474 469/469/469 475/475/475
f 470/470/470 475/475/475 469/469/469
f 475/475/475 470/470/470 476/476/476
f 472/472/472 477/477/477 471/471/471
f 477/477/477 472/472/472 478/478/478
f 473/473/473 478/478/478 472/472/472
f 478/478/478 473/473/473 479/479/479
f 474/474/474 479/479/479 473/473/473
f 479/479/479 474/474/474 480/480/480
f 475/475/475 480/480/480 474/474/474
f 480/480/480 475/475/475 481/481/481
f 476/476/476 481/481/481 475/475/475
f 481/481/481 476/476/476 482/482/482
f 478/478/478 483/483/483 477/477/477
f 483/483/483 478/478/478 484/484/484
f 479/479/479 484/484/484 478/478/478
f 484/484/484 479/479/479 485/485/485
f 480/480/480 485/485/485 479/479/479
f 485/485/485 480/480/480 486/486/486
f 481/481/481 486/486/486 480/480/480
f 486/486/486 481/481/481 487/487/487
f 482/482/482 487/487/487 481/481/481
f 487/487/487 482/482/482 488/488/488
f 484/484/484 489/489/489 483/483/483
f 489/489/489 484/484/484 490/490/490
f 485/485/485 490/490/490 484/484/484
f 490/490/490 485/485/485 491/491/491
f 486/486/486 491/491/491 485/485/485
f 491/491/491 486/486/486 492/492/492
f 487/487/487 492/492/492 486/486/486
f 492/492/492 487/487/487 493/493/493
f 488/488/488 493/493/493 487/487/487
f 493/493/493 488/488/488 494/494/494
f 490/490/490 495/495/495 489/489/489
f 495/495/495 490/490/490 496/496/496
f 491/491/491 496/496/496 490/490/490
f 496/496/496 491/491/491 497/497/497
f 492/492/492 497/497/497 491/491/491
f 497/497/497 492/492/492 498/498/498
f 493/493/493 498/498/498 492/492/492
f 498/498/498 493/493/493 499/499/499
f 494/494/494 499/499/499 493/493/493
f 499/499/499 494/494/494 500/500/500
f 507/507/507 502/502/502 501/501/501
f 502/502/502 507/507/507 508/508/508
f 508/508/508 503/503/503 502/502/502
f 503/503/503 508/508/508 509/509/509
f 509/509/509 504/504/504 503/503/503
f 504/504/504 509/509/509 510/510/510
f 510/510/510 505/505/505 504/504/504
f 505/505/505 510/510/510 511/511/511
f 511/511/511 506/506/506 505/505/505
f 506/506/506 511/511/511 512/512/512
f 513/513/513 508/508/508 507/507/507
f 508/508/508 513/513/513 514/514/514
f 514/514/514 509/509/509 508/508/508
f 509/509/509 514/514/514 515/515/515
f 515/515/515 510/510/510 509/509/509
f 510/510/510 515/515/515 516/516/516
f 516/516/516 511/511/511 510/510/510
f 511/511/511 516/516/516 517/517/517
f 517/517/517 512/512/512 511/511/511
f 512/512/512 517/517/517 518/518/518
f 519/519/519 514/514/514 513/513/513
f 514/514/514 519/519/519 520/520/520
f 520/520/520 515/515/515 514/514/514
f 515/515/515 520/520/520 521/521/521
f 521/521/521 516/516/516 515/515/515
f 516/516/516 521/521/521 522/522/522
f 522/522/522 517/517/517 516/516/516
f 517/517/517 522/522/522 523/523/523
f 523/523/523 518/518/518 517/517/517
f 518/518/518 523/523/523 524/524/524
f 525/525/525 520/520/520 519/519/519
f 520/520/520 525/525/525 526/526/526
f 526/526/526 521/521/521 520/520/520
f 521/521/521 526/526/526 527/527/527
f 527/527/527 522/522/522 521/521/521
f 522/522/522 527/527/527 528/528/528
f 528/528/528 523/523/523 522/522/522
f 523/523/523 528/528/528 529/529/529
f 529/529/529 524/524/524 523/523/523
f 524/524/524 529/529/529 530/530/530
f 531/531/531 526/526/526 525/525/525
f 526/526/526 531/531/531 532/532/532
f 532/532/532 527/527/527 526/526/526
f 527/527/527 532/532/532 533/533/533
f 533/533/533 528/528/528 527/527/527
f 528/528/528 533/533/533 534/534/534
f 534/534/534 529/529/529 528/528/528
f 529/529/529 534/534/534 535/535/535
f 535/535/535 530/530/530 529/529/529
f 530/530/530 535/535/535 536/536/536
f 543/543/543 538/538/538 537/537/537
f 538/538/538 543/543/543 544/544/544
f 544/544/544 539/539/539 538/538/538
f 539/539/539 544/544/544 545/545/545
f 545/545/545 540/540/540 539/539/539
f 540/540/540 545/545/545 546/546/546
f 546/546/546 541/541/541 540/540/540
f 541/541/541 546/546/546 547/547/547
f 547/547/547 542/542/542 541/541/541
f 542/542/542 547/547/547 548/548/548
f 549/549/549 544/544/544 543/543/543
f 544/544/544 549/549/549 550/550/550
f 550/550/550 545/545/545 544/544/544
f 545/545/545 550/550/550 551/551/551
f 551/551/551 546/546/546 545/545/545
f 546/546/546 551/551/551 552/552/552
f 552/552/552 547/547/547 546/546/546
f 547/547/547 552/552/552 553/553/553
f 553/553/553 548/548/548 547/547/547
f 548/548/548 553/553/553 554/554/554
f 555/555/555 550/550/550 549/549/549
f 550/550/550 555/555/555 556/556/556
f 556/556/556 551/551/551 550/550/550
f 551/551/551 556/556/556 557/557/557
f 557/557/557 552/552/552 551/551/551
f 552/552/552 557/557/557 558/558/558
f 558/558/558 553/553/553 552/552/552
f 553/553/553 558/558/558 559/559/559
f 559/559/559 554/554/554 553/553/553
f 554/554/554 559/559/559 560/560/560
f 561/561/561 556/556/556 555/555/555
f 556/556/556 561/561/561 562/562/562
f 562/562/562 557/557/557 556/556/556
f 557/557/557 562/562/562 563/563/563
f 563/563/563 558/558/558 557/557/557
f 558/558/558 563/563/563 564/564/564
f 564/564/564 559/559/559 558/558/558
f 559/559/559 564/564/564 565/565/565
f 565/565/565 560/560/560 559/559/559
f 560/560/560 565/565/565 566/566/566
f 567/567/567 562/562/562 561/561/561
f 562/562/562 567/567/567 568/568/568
f 568/568/568 563/563/563 562/562/562
f 563/563/563 568/568/568 569/569/569
f 569/569/569 564/564/564 563/563/563
f 564/564/564 569/569/569 570/570/570
f 570/570/570 565/565/565 564/564/564
f 565/565/565 570/570/570 571/571/571
f 571/571/571 566/566/566 565/565/565
f 566/566/566 571/571/571 572/572/572
f 574/574/574 579/579/579 573/573/573
f 579/579/579 574/574/574 580/580/580
f 575/575/575 580/580/580 574/574/574
f 580/580/580 575/575/575 581/581/581
f 576/576/576 581/581/581 575/575/575
f 581/581/581 576/576/576 582/582/582
f 577/577/577 582/582/582 576/576/576
f 582/582/582 577/577/577 583/583/583
f 578/578/578 583/583/583 577/577/577
f 583/583/583 578/578/578 584/584/584
f 580/580/580 585/585/585 579/579/579
f 585/585/585 580/580/580 586/586/586
f 581/581/581 586/586/586 580/580/580
f 586/586/586 581/581/581 587/587/587
f 582/582/582 587/587/587 581/581/581
f 587/587/587 582/582/582 588/588/588
f 583/583/583 588/588/588 582/582/582
f 588/588/588 583/583/583 589/589/589
f 584/584/584 589/589/589 583/583/583
f 589/589/589 584/584/584 590/590/590
f 586/586/586 591/591/591 585/585/585
f 591/591/591 586/586/586 592/592/592
f 587/587/587 592/592/592 586/586/586
f 592/592/592 587/587/587 593/593/593
f 588/588/588 593/593/593 587/587/587
f 593/593/593 588/588/588 594/594/594
f 589/589/589 594/594/594 588/588/588
f 594/594/594 589/589/589 595/595/595
f 590/590/590 595/595/595 589/589/589
f 595/595/595 590/590/590 596/596/596
f 592/592/592 597/597/597 591/591/591
f 597/597/597 592/592/592 598/598/598
f 593/593/593 598/598/598 592/592/592
f 598/598/598 593/593/593 599/599/599
f 594/594/594 599/599/599 593/593/593
f 599/599/599 594/594/594 600/600/600
f 595/595/595 600/600/600 594/594/594
f 600/600/600 595/595/595 601/601/601
f 596/596/596 601/601/601 595/595/595
f 601/601/601 596/596/596 602/602/602
f 598/598/598 603/603/603 597/597/597
f 603/603/603 598/598/598 604/604/604
f 599/599/599 604/604/604 598/598/598
f 604/604/604 599/599/599 605/605/605
f 600/600/600 605/605/605 599/599/599
f 605/605/605 600/600/600 606/606/606
f 601/601/601 606/606/606 600/600/600
f 606/606/606 601/601/601 607/607/607
f 602/602/602 607/607/607 601/601/601
f 607/607/607 602/602/602 608/608/608
f 610/610/610 615/615/615 609/609/609
f 615/615/615 610/610/610 616/616/616
f 611/611/611 616/616/616 610/610/610
f 616/616/616 611/611/611 617/617/617
f 612/612/612 617/617/617 611/611/611
f 617/617/617 612/612/612 618/618/618
f 613/613/613 618/618/618 612/612/612
f 618/618/618 613/613/613 619/619/619
f 614/614/614 619/619/619 613/613/613
f 619/619/619 614/614/614 620/620/620
f 616/616/616 621/621/621 615/615/615
f 621/621/621 616/616/616 622/622/622
f 617/617/617 622/622/622 616/616/616
f 622/622/622 617/617/617 623/623/623
f 618/618/618 623/623/623 617/617/617
f 623/623/623 618/618/618 624/624/624
f 619/619/619 624/624/624 618/618/618
f 624/624/624 619/619/619 625/625/625
f 620/620/620 625/625/625 619/619/619
f 625/625/625 620/620/620 626/626/626
f 622/622/622 627/627/627 621/621/621
f 627/627/627 622/622/622 628/628/628
f 623/623/623 628/628/628 622/622/622
f 628/628/628 623/623/623 629/629/629
f 624/624/624 629/629/629 623/623/623
f 629/629/629 624/624/624 630/630/630
f 625/625/625 630/630/630 624/624/624
f 630/630/630 625/625/625 631/631/631
f 626/626/626 631/631/631 625/625/625
f 631/631/631 626/626/626 632/632/632
f 628/628/628 633/633/633 627/627/627
f 633/633/633 628/628/628 634/634/634
f 629/629/629 634/634/634 628/628/628
f 634/634/634 629/629/629 635/635/635
f 630/630/630 635/635/635 629/629/629
f 635/635/635 630/630/630 636/636/636
f 631/631/631 636/636/636 630/630/630
f 636/636/636 631/631/631 637/637/637
f 632/632/632 637/637/637 631/631/631
f 637/637/637 632/632/632 638/638/638
f 634/634/634 639/639/639 633/633/633
f 639/639/639 634/634/634 640/640/640
f 635/635/635 640/640/640 634/634/634
f 640/640/640 635/635/635 641/641/641
f 636/636/636 641/641/641 635/635/635
f 641/641/641 636/636/636 642/642/642
f 637/637/637 642/642/642 636/636/636
f 642/642/642 637/637/637 643/643/643
f 638/638/638 643/643/643 637/637/637
f 643/643/643 638/638/638 644/644/644
f 651/651/651 646/646/646 645/645/645
f 646/646/646 651/651/651 652/652/652
f 652/652/652 647/647/647 646/646/646
f 647/647/647 652/652/652 653/653/653
f 653/653/653 648/648/648 647/647/647
f 648/648/648 653/653/653 654/654/654
f 654/654/654 649/649/649 648/648/648
f 649/649/649 654/654/654 655/655/655
f 655/655/655 650/650/650 649/649/649
f 650/650/650 655/655/655 656/656/656
f 657/657/657 652/652/652 651/651/651
f 652/652/652 657/657/657 658/658/658
f 658/658/658 653/653/653 652/652/652
f 653/653/653 658/658/658 659/659/659
f 659/659/659 654/654/654 653/653/653
f 654/654/654 659/659/659 660/660/660
f 660/660/660 655/655/655 654/654/654
f 655/655/655 660/660/660 661/661/661
f 661/661/661 656/656/656 655/655/655
f 656/656/656 661/661/661 662/662/662
f 663/663/663 658/658/658 657/657/657
f 658/658/658 663/663/663 664/664/664
f 664/664/664 659/659/659 658/658/658
f 659/659/659 664/664/664 665/665/665
f 665/665/665 660/660/660 659/659/659
f 660/660/660 665/665/665 666/666/666
f 666/666/666 661/661/661 660/660/660
f 661/661/661 666/666/666 667/667/667
f 667/667/667 662/662/662 661/661/661
f 662/662/662 667/667/667 668/668/668
f 669/669/669 664/664/664 663/663/663
f 664/664/664 669/669/669 670/670/670
f 670/670/670 665/665/665 664/664/664
f 665/665/665 670/670/670 671/671/671
f 671/671/671 666/666/666 665/665/665
f 666/666/666 671/671/671 672/672/672
f 672/672/672 667/667/667 666/666/666
f 667/667/667 672/672/672 673/673/673
f 673/673/673 668/668/668 667/667/667
f 668/668/668 673/673/673 674/674/674
f 675/675/675 670/670/670 669/669/669
f 670/670/670 675/675/675 676/676/676
f 676/676/676 671/671/671 670/670/670
f 671/671/671 676/676/676 677/677/677
f 677/677/677 672/672/672 671/671/671
f 672/672/672 677/677/677 678/678/678
f 678/678/678 673/673/673 672/672/672
f 673/673/673 678/678/678 679/679/679
f 679/679/679 674/674/674 673/673/673
f 674/674/674 679/679/679 680/680/680
f 687/687/687 682/682/682 681/681/681
f 682/682/682 687/687/687 688/688/688
f 688/688/688 683/683/683 682/682/682
f 683/683/683 688/688/688 689/689/689
f 689/689/689 684/684/684 683/683/683
f 684/684/684 689/689/689 690/690/690
f 690/690/690 685/685/685 684/684/684
f 685/685/685 690/690/690 691/691/691
f 691/691/691 686/686/686 685/685/685
f 686/686/686 691/691/691 692/692/692
f 693/693/693 688/688/688 687/687/687
f 688/688/688 693/693/693 694/694/694
f 694/694/694 689/689/689 688/688/688
f 689/689/689 694/694/694 695/695/695
f 695/695/695 690/690/690 689/689/689
f 690/690/690 695/695/695 696/696/696
f 696/696/696 691/691/691 690/690/690
f 691/691/691 696/696/696 697/697/697
f 697/697/697 692/692/692 691/691/691
f 692/692/692 697/697/697 698/698/698
f 699/699/699 694/694/694 693/693/693
f 694/694/694 699/699/699 700/700/700
f 700/700/700 695/695/695 694/694/694
f 695/695/695 700/700/700 701/701/701
f 701/701/701 696/696/696 695/695/695
f 696/696/696 701/701/701 702/702/702
f 702/702/702 697/697/697 696/696/696
f 697/697/697 702/702/702 703/703/703
f 703/703/703 698/698/698 697/697/697
f 698/698/698 703/703/703 704/704/704
f 705/705/705 700/700/700 699/699/699
f 700/700/700 705/705/705 706/706/706
f 706/706/706 701/701/701 700/700/700
f 701/701/701 706/706/706 707/707/707
f 707/707/707 702/702/702 701/701/701
f 702/702/702 707/707/707 708/708/708
f 708/708/708 703/703/703 702/702/702
f 703/703/703 708/708/708 709/709/709
f 709/709/709 704/704/704 703/703/703
f 704/704/704 709/709/709 710/710/710
f 711/711/711 706/706/706 705/705/705
f 706/706/706 711/711/711 712/712/712
f 712/712/712 707/707/707 706/706/706
f 707/707/707 712/712/712 713/713/713
f 713/713/713 708/708/708 707/707/707
f 708/708/708 713/713/713 714/714/714
f 714/714/714 709/709/709 708/708/708
f 709/709/709 714/714/714 715/715/715
f 715/715/715 710/710/710 709/709/709
f 710/710/710 715/715/715 716/716/716
f 718/718/718 723/723/723 717/717/717
f 723/723/723 718/718/718 724/724/724
f 719/719/719 724/724/724 718/718/718
f 724/724/724 719/719/719 725/725/725
f 720/720/720 725/725/725 719/719/719
f 725/725/725 720/720/720 726/726/726
f 721/721/721 726/726/726 720/720/720
f 726/726/726 721/721/721 727/727/727
f 722/722/722 727/727/727 721/721/721
f 727/727/727 722/722/722 728/728/728
f 724/724/724 729/729/729 723/723/723
f 729/729/729 724/724/724 730/730/730
f 725/725/725 730/730/730 724/724/724
f 730/730/730 725/725/725 731/731/731
f 726/726/726 731/731/731 725/725/725
f 731/731/731 726/726/726 732/732/732
f 727/727/727 732/732/732 726/726/726
f 732/732/732 727/727/727 733/733/733
f 728/728/728 733/733/733 727/727/727
f 733/733/733 728/728/728 734/734/734
f 730/730/730 735/735/735 729/729/729
f 735/735/735 730/730/730 736/736/736
f 731/731/731 736/736/736 730/730/730
f 736/736/736 731/731/731 737/737/737
f 732/732/732 737/737/737 731/731/731
f 737/737/737 732/732/732 738/738/738
f 733/733/733 738/738/738 732/732/732
f 738/738/738 733/733/733 739/739/739
f 734/734/734 739/739/739 733/733/733
f 739/739/739 734/734/734 740/740/740
f 736/736/736 741/741/741 735/735/735
f 741/741/741 736/736/736 742/742/742
f 737/737/737 742/742/742 736/736/736
f 742/742/742 737/737/737 743/743/743
f 738/738/738 743/743/743 737/737/737
f 743/743/743 738/738/738 744/744/744
f 739/739/739 744/744/744 738/738/738
f 744/744/744 739/739/739 745/745/745
f 740/740/740 745/745/745 739/739/739
f 745/745/745 740/740/740 746/746/746
f 742/742/742 747/747/747 741/741/741
f 747/747/747 742/742/742 748/748/748
f 743/743/743 748/748/748 742/742/742
f 748/748/748 743/743/743 749/749/749
f 744/744/744 749/749/749 743/743/743
f 749/749/749 744/744/744 750/750/750
f 745/745/745 750/750/750 744/744/744
f 750/750/750 745/745/745 751/751/751
f 746/746/746 751/751/751 745/745/745
f 751/751/751 746/746/746 752/752/752
f 754/754/754 759/759/759 753/753/753
f 759/759/759 754/754/754 760/760/760
f 755/755/755 760/760/760 754/754/754
f 760/760/760 755/755/755 761/761/761
f 756/756/756 761/761/761 755/755/755
f 761/761/761 756/756/756 762/762/762
f 757/757/757 762/762/762 756/756/756
f 762/762/762 757/757/757 763/763/763
f 758/758/758 763/763/763 757/757/757
f 763/763/763 758/758/758 764/764/764
f 760/760/760 765/765/765 759/759/759
f 765/765/765 760/760/760 766/766/766
f 761/761/761 766/766/766 760/760/760
f 766/766/766 761/761/761 767/767/767
f 762/762/762 767/767/767 761/761/761
f 767/767/767 762/762/762 768/768/768
f 763/763/763 768/768/768 762/762/762
f 768/768/768 763/763/763 769/769/769
f 764/764/764 769/769/769 763/763/763
f 769/769/769 764/764/764 770/770/770
f 766/766/766 771/771/771 765/765/765
f 771/771/771 766/766/766 772/772/772
f 767/767/767 772/772/772 766/766/766
f 772/772/772 767/767/767 773/773/773
f 768/768/768 773/773/773 767/767/767
f 773/773/773 768/768/768 774/774/774
f 769/769/769 774/774/774 768/768/768
f 774/774/774 769/769/769 775/775/775
f 770/770/770 775/775/775 769/769/769
f 775/775/775 770/770/770 776/776/776
f 772/772/772 777/777/777 771/771/771
f 777/777/777 772/772/772 778/778/778
f 773/773/773 778/778/778 772/772/772
f 778/778/778 773/773/773 779/779/779
f 774/774/774 779/779/779 773/773/773
f 779/779/779 774/774/774 780/780/780
f 775/775/775 780/780/780 774/774/774
f 780/780/780 775/775/775 781/781/781
f 776/776/776 781/781/781 775/775/775
f 781/781/781 776/776/776 782/782/782
f 778/778/778 783/783/783 777/777/777
f 783/783/783 778/778/778 784/784/784
f 779/779/779 784/784/784 778/778/778
f 784/784/784 779/779/779 785/785/785
f 780/780/780 785/785/785 779/779/779
f 785/785/785 780/780/780 786/786/786
f 781/781/781 786/786/786 780/780/780
f 786/786/786 781/781/781 787/787/787
f 782/782/782 787/787/787 781/781/781
f 787/787/787 782/782/782 788/788/788
f 795/795/795 790/790/790 789/789/789
f 790/790/790 795/795/795 796/796/796
f 796/796/796 791/791/791 790/790/790
f 791/791/791 796/796/796 797/797/797
f 797/797/797 792/792/792 791/791/791
f 792/792/792 797/797/797 798/798/798
f 798/798/798 793/793/793 792/792/792
f 793/793/793 798/798/798 799/799/799
f 799/799/799 794/794/794 793/793/793
f 794/794/794 799/799/799 800/800/800
f 801/801/801 796/796/796 795/795/795
f 796/796/796 801/801/801 802/802/802
f 802/802/802 797/797/797 796/796/796
f 797/797/797 802/802/802 803/803/803
f 803/803/803 798/798/798 797/797/797
f 798/798/798 803/803/803 804/804/804
f 804/804/804 799/799/799 798/798/798
f 799/799/799 804/804/804 805/805/805
f 805/805/805 800/800/800 799/799/799
f 800/800/800 805/805/805 806/806/806
f 807/807/807 802/802/802 801/801/801
f 802/802/802 807/807/807 808/808/808
f 808/808/808 803/803/803 802/802/802
f 803/803/803 808/808/808 809/809/809
f 809/809/809 804/804/804 803/803/803
f 804/804/804 809/809/809 810/810/810
f 810/810/810 805/805/805 804/804/804
f 805/805/805 810/810/810 811/811/811
f 811/811/811 806/806/806 805/805/805
f 806/806/806 811/811/811 812/812/812
f 813/813/813 808/808/808 807/807/807
f 808/808/808 813/813/813 814/814/814
f 814/814/814 809/809/809 808/808/808
f 809/809/809 814/814/814 815/815/815
f 815/815/815 810/810/810 809/809/809
f 810/810/810 815/815/815 816/816/816
f 816/816/816 811/811/811 810/810/810
f 811/811/811 816/816/816 817/817/817
f 817/817/817 812/812/812 811/811/811
f 812/812/812 817/817/817 818/818/818
f 819/819/819 814/814/814 813/813/813
f 814/814/814 819/819/819 820/820/820
f 820/820/820 815/815/815 814/814/814
f 815/815/815 820/820/820 821/821/821
f 821/821/821 816/816/816 815/815/815
f 816/816/816 821/821/821 822/822/822
f 822/822/822 817/817/817 816/816/816
f 817/817/817 822/822/822 823/823/823
f 823/823/823 818/818/818 817/817/817
f 818/818/818 823/823/823 824/824/824
f 831/831/831 826/826/826 825/825/825
f 826/826/826 831/831/831 832/832/832
f 832/832/832 827/827/827 826/826/826
f 827/827/827 832/832/832 833/833/833
f 833/833/833 828/828/828 827/827/827
f 828/828/828 833/833/833 834/834/834
f 834/834/834 829/829/829 828/828/828
f 829/829/829 834/834/834 835/835/835
f 835/835/835 830/830/830 829/829/829
f 830/830/830 835/835/835 836/836/836
f 837/837/837 832/832/832 831/831/831
f 832/832/832 837/837/837 838/838/838
f 838/838/838 833/833/833 832/832/832
f 833/833/833 838/838/838 839/839/839
f 839/839/839 834/834/834 833/833/833
f 834/834/834 839/839/839 840/840/840
f 840/840/840 835/835/835 834/834/834
f 835/835/835 840/840/840 841/841/841
f 841/841/841 836/836/836 835/835/835
f 836/836/836 841/841/841 842/842/842
f 843/843/843 838/838/838 837/837/837
f 838/838/838 843/843/843 844/844/844
f 844/844/844 839/839/839 838/838/838
f 839/839/839 844/844/844 845/845/845
f 845/845/845 840/840/840 839/839/839
f 840/840/840 845/845/845 846/846/846
f 846/846/846 841/841/841 840/840/840
f 841/841/841 846/846/846 847/847/847
f 847/847/847 842/842/842 841/841/841
f 842/842/842 847/847/847 848/848/848
f 849/849/849 844/844/844 843/843/843
f 844/844/844 849/849/849 850/850/850
f 850/850/850 845/845/845 844/844/844
f 845/845/845 850/850/850 851/851/851
f 851/851/851 846/846/846 845/845/845
f 846/846/846 851/851/851 852/852/852
f 852/852/852 847/847/847 846/846/846
f 847/847/847 852/852/852 853/853/853
f 853/853/853 848/848/848 847/847/847
f 848/848/848 853/853/853 854/854/854
f 855/855/855 850/850/850 849/849/849
f 850/850/850 855/855/855 856/856/856
f 856/856/856 851/851/851 850/850/850
f 851/851/851 856/856/856 857/857/857
f 857/857/857 852/852/852 851/851/851
f 852/852/852 857/857/857 858/858/858
f 858/858/858 853/853/853 852/852/852
f 853/853/853 858/858/858 859/859/859
f 859/859/859 854/854/854 853/853/853
f 854/854/854 859/859/859 860/860/860
f 862/862/862 867/867/867 861/861/861
f 867/867/867 862/862/862 868/868/868
f 863/863/863 868/868/868 862/862/862
f 868/868/868 863/863/863 869/869/869
f 864/864/864 869/869/869 863/863/863
f 869/869/869 864/864/864 870/870/870
f 865/865/865 870/870/870 864/864/864
f 870/870/870 865/865/865 871/871/871
f 866/866/866 871/871/871 865/865/865
f 871/871/871 866/866/866 872/872/872
f 868/868/868 873/873/873 867/867/867
f 873/873/873 868/868/868 874/874/874
f 869/869/869 874/874/874 868/868/868
f 874/874/874 869/869/869 875/875/875
f 870/870/870 875/875/875 869/869/869
f 875/875/875 870/870/870 876/876/876
f 871/871/871 876/876/876 870/870/870
f 876/876/876 871/871/871 877/877/877
f 872/872/872 877/877/877 871/871/871
f 877/877/877 872/872/872 878/878/878
f 874/874/874 879/879/879 873/873/873
f 879/879/879 874/874/874 880/880/880
f 875/875/875 880/880/880 874/874/874
f 880/880/880 875/875/875 881/881/881
f 876/876/876 881/881/881 875/875/875
f 881/881/881 876/876/876 882/882/882
f 877/877/877 882/882/882 876/876/876
f 882/882/882 877/877/877 883/883/883
f 878/878/878 883/883/883 877/877/877
f 883/883/883 878/878/878 884/884/884
f 880/880/880 885/885/885 879/879/879
f 885/885/885 880/880/880 886/886/886
f 881/881/881 886/886/886 880/880/880
f 886/886/886 881/881/881 887/887/887
f 882/882/882 887/887/887 881/881/881
f 887/887/887 882/882/882 888/888/888
f 883/883/883 888/888/888 882/882/882
f 888/888/888 883/883/883 889/889/889
f 884/884/884 889/889/889 883/883/883
f 889/889/889 884/884/884 890/890/890
f 886/886/886 891/891/891 885/885/885
f 891/891/891 886/886/886 892/892/892
f 887/887/887 892/892/892 886/886/886
f 892/892/892 887/887/887 893/893/893
f 888/888/888 893/893/893 887/887/887
f 893/893/893 888/888/888 894/894/894
f 889/889/889 894/894/894 888/888/888
f 894/894/894 889/889/889 895/895/895
f 890/890/890 895/895/895 889/889/889
f 895/895/895 890/890/890 896/896/896
f 898/898/898 903/903/903 897/897/897
f 903/903/903 898/898/898 904/904/904
f 899/899/899 904/904/904 898/898/898
f 904/904/904 899/899/899 905/905/905
f 900/900/900 905/905/905 899/899/899
f 905/905/905 900/900/900 906/906/906
f 901/901/901 906/906/906 900/900/900
f 906/906/906 901/901/901 907/907/907
f 902/902/902 907/907/907 901/901/901
f 907/907/907 902/902/902 908/908/908
f 904/904/904 909/909/909 903/903/903
f 909/909/909 904/904/904 910/910/910
f 905/905/905 910/910/910 904/904/904
f 910/910/910 905/905/905 911/911/911
f 906/906/906 911/911/911 905/905/905
f 911/911/911 906/906/906 912/912/912
f 907/907/907 912/912/912 906/906/906
f 912/912/912 907/907/907 913/913/913
f 908/908/908 913/913/913 907/907/907
f 913/913/913 908/908/908 914/914/914
f 910/910/910 915/915/915 909/909/909
f 915/915/915 910/910/910 916/916/916
f 911/911/911 916/916/916 910/910/910
f 916/916/916 911/911/911 917/917/917
f 912/912/912 917/917/917 911/911/911
f 917/917/917 912/912/912 918/918/918
f 913/913/913 918/918/918 912/912/912
f 918/918/918 913/913/913 919/919/919
f 914/914/914 919/919/919 913/913/913
f 919/919/919 914/914/914 920/920/920
f 916/916/916 921/921/921 915/915/915
f 921/921/921 916/916/916 922/922/922
f 917/917/917 922/922/922 916/916/916
f 922/922/922 917/917/917 923/923/923
f 918/918/918 923/923/923 917/917/917
f 923/923/923 918/918/918 924/924/924
f 919/919/919 924/924/924 918/918/918
f 924/924/924 919/919/919 925/925/925
f 920/920/920 925/925/925 919/919/919
f 925/925/925 920/920/920 926/926/926
f 922/922/922 927/927/927 921/921/921
f 927/927/927 922/922/922 928/928/928
f 923/923/923 928/928/928 922/922/922
f 928/928/928 923/923/923 929/929/929
f 924/924/924 929/929/929 923/923/923
f 929/929/929 924/924/924 930/930/930
f 925/925/925 930/930/930 924/924/924
f 930/930/930 925/925/925 931/931/931
f 926/926/926 931/931/931 925/925/925
f 931/931/931 926/926/926 932/932/932
f 939/939/939 934/934/934 933/933/933
f 934/934/934 939/939/939 940/940/940
f 940/940/940 935/935/935 934/934/934
f 935/935/935 940/940/940 941/941/941
f 941/941/941 936/936/936 935/935/935
f 936/936/936 941/941/941 942/942/942
f 942/942/942 937/937/937 936/936/936
f 937/937/937 942/942/942 943/943/943
f 943/943/943 938/938/938 937/937/937
f 938/938/938 943/943/943 944/944/944
f 945/945/945 940/940/940 939/939/939
f 940/940/940 945/945/945 946/946/946
f 946/946/946 941/941/941 940/940/940
f 941/941/941 946/946/946 947/947/947
f 947/947/947 942/942/942 941/941/941
f 942/942/942 947/947/947 948/948/948
f 948/948/948 943/943/943 942/942/942
f 943/943/943 948/948/948 949/949/949
f 949/949/949 944/944/944 943/943/943
f 944/944/944 949/949/949 950/950/950
f 951/951/951 946/946/946 945/945/945
f 946/946/946 951/951/951 952/952/952
f 952/952/952 947/947/947 946/946/946
f 947/947/947 952/952/952 953/953/953
f 953/953/953 948/948/948 947/947/947
f 948/948/948 953/953/953 954/954/954
f 954/954/954 949/949/949 948/948/948
f 949/949/949 954/954/954 955/955/955
f 955/955/955 950/950/950 949/949/949
f 950/950/950 955/955/955 956/956/956
f 957/957/957 952/952/952 951/951/951
f 952/952/952 957/957/957 958/958/958
f 958/958/958 953/953/953 952/952/952
f 953/953/953 958/958/958 959/959/959
f 959/959/959 954/954/954 953/953/953
f 954/954/954 959/959/959 960/960/960
f 960/960/960 955/955/955 954/954/954
f 955/955/955 960/960/960 961/961/961
f 961/961/961 956/956/956 955/955/955
f 956/956/956 961/961/961 962/962/962
f 963/963/963 958/958/958 957/957/957
f 958/958/958 963/963/963 964/964/964
f 964/964/964 959/959/959 958/958/958
f 959/959/959 964/964/964 965/965/965
f 965/965/965 960/960/960 959/959/959
f 960/960/960 965/965/965 966/966/966
f 966/966/966 961/961/961 960/960/960
f 961/961/961 966/966/966 967/967/967
f 967/967/967 962/962/962 961/961/961
f 962/962/962 967/967/967 968/968/968
f 975/975/975 970/970/970 969/969/969
f 970/970/970 975/975/975 976/976/976
f 976/976/976 971/971/971 970/970/970
f 971/971/971 976/976/976 977/977/977
f 977/977/977 972/972/972 971/971/971
f 972/972/972 977/977/977 978/978/978
f 978/978/978 973/973/973 972/972/972
f 973/973/973 978/978/978 979/979/979
f 979/979/979 974/974/974 973/973/973
f 974/974/974 979/979/979 980/980/980
f 981/981/981 976/976/976 975/975/975
f 976/976/976 981/981/981 982/982/982
f 982/982/982 977/977/977 976/976/976
f 977/977/977 982/982/982 983/983/983
f 983/983/983 978/978/978 977/977/977
f 978/978/978 983/983/983 984/984/984
f 984/984/984 979/979/979 978/978/978
f 979/979/979 984/984/984 985/985/985
f 985/985/985 980/980/980 979/979/979
f 980/980/980 985/985/985 986/986/986
f 987/987/987 982/982/982 981/981/981
f 982/982/982 987/987/987 988/988/988
f 988/988/988 983/983/983 982/982/982
f 983/983/983 988/988/988 989/989/989
f 989/989/989 984/984/984 983/983/983
f 984/984/984 989/989/989 990/990/990
f 990/990/990 985/985/985 984/984/984
f 985/985/985 990/990/990 991/991/991
f 991/991/991 986/986/986 985/985/985
f 986/986/986 991/991/991 992/992/992
f 993/993/993 988/988/988 987/987/987
f 988/988/988 993/993/993 994/994/994
f 994/994/994 989/989/989 988/988/988
f 989/989/989 994/994/994 995/995/995
f 995/995/995 990/990/990 989/989/989
f 990/990/990 995/995/995 996/996/996
f 996/996/996 991/991/991 990/990/990
f 991/991/991 996/996/996 997/997/997
f 997/997/997 992/992/992 991/991/991
f 992/992/992 997/997/997 998/998/998
f 999/999/999 994/994/994 993/993/993
f 994/994/994 999/999/999 1000/1000/1000
f 1000/1000/1000 995/995/995 994/994/994
f 995/995/995 1000/1000/1000 1001/1001/1001
f 1001/1001/1001 996/996/996 995/995/995
f 996/996/996 1001/1001/1001 1002/1002/1002
f 1002/1002/1002 997/997/997 996/996/996
f 997/997/997 1002/1002/1002 1003/1003/1003
f 1003/1003/1003 998/998/998 997/997/997
f 998/998/998 1003/1003/1003 1004/1004/1004
